Total time (ms),ROCA counterexample time (ms),DFA counterexample time (ms),Learning DFA time (ms),Table time (ms),Finding descriptions (ms),Membership queries,Counter value queries,Partial equivalence queries,Equivalence queries,Rounds,Openness,Sigma-inconsistencies,Bottom-inconsistencies,Mismatches,Length longest cex,|R|,|S|,|? \ S|,"# of bin rows",Result alphabet size,Result ROCA size
20947,7452,118,13477,12409,1,35786,197,2,4,2,2,19,1,0,31,62,32,0,1,19,33
17975,7263,57,10710,10268,0,21379,137,2,4,2,2,19,1,0,31,37,32,0,1,19,33
19849,6936,47,12911,11991,1,35786,197,2,4,2,2,19,1,0,31,62,32,0,1,19,33
18219,6274,35,11944,11177,1,35786,197,2,4,2,2,19,1,0,31,62,32,0,1,19,33
19121,6982,47,12138,11221,0,35786,197,2,4,2,2,19,1,0,31,62,32,0,1,19,33
17269,7132,49,10121,9704,1,21379,137,2,4,2,2,19,1,0,31,37,32,0,1,19,33
18551,6303,46,12247,11402,1,35786,197,2,4,2,2,19,1,0,31,62,32,0,1,19,33
19433,7748,48,11684,10712,0,35786,197,2,4,2,2,19,1,0,31,62,32,0,1,19,33
8242,6093,34,2147,2041,1,19648,134,1,4,2,2,19,1,0,31,34,32,0,1,19,33
17912,6369,48,11542,10723,1,35786,197,2,4,2,2,19,1,0,31,62,32,0,1,19,33
17906,6373,35,11532,10774,0,35786,197,2,4,2,2,19,1,0,31,62,32,0,1,19,33
7878,5789,35,2089,1983,0,19648,134,1,4,2,2,19,1,0,31,34,32,0,1,19,33
17569,6061,47,11508,10585,0,35786,197,2,4,2,2,19,1,0,31,62,32,0,1,19,33
8097,6023,37,2074,1967,0,19648,134,1,4,2,2,19,1,0,31,34,32,0,1,19,33
18112,6499,47,11612,10708,1,35786,197,2,4,2,2,19,1,0,31,62,32,0,1,19,33
17958,6309,35,11635,10872,1,35786,197,2,4,2,2,19,1,0,31,62,32,0,1,19,33
18064,6270,39,11793,10980,0,35786,197,2,4,2,2,19,1,0,31,62,32,0,1,19,33
9722,7460,47,2258,2122,0,19648,134,1,4,2,2,19,1,0,31,34,32,0,1,19,33
18667,6164,46,12502,11596,0,35786,197,2,4,2,2,19,1,0,31,62,32,0,1,19,33
8102,6077,35,2024,1915,0,19648,134,1,4,2,2,19,1,0,31,34,32,0,1,19,33
9901,7634,47,2266,2127,1,19648,134,1,4,2,2,19,1,0,31,34,32,0,1,19,33
15769,6140,48,9621,9274,0,21379,137,2,4,2,2,19,1,0,31,37,32,0,1,19,33
18225,6176,46,12043,11209,0,35786,197,2,4,2,2,19,1,0,31,62,32,0,1,19,33
17791,6118,46,11672,10740,0,35786,197,2,4,2,2,19,1,0,31,62,32,0,1,19,33
17832,6256,34,11575,10795,0,35786,197,2,4,2,2,19,1,0,31,62,32,0,1,19,33
17681,6222,36,11456,10645,0,35786,197,2,4,2,2,19,1,0,31,62,32,0,1,19,33
18994,6668,47,12324,11415,0,35786,197,2,4,2,2,19,1,0,31,62,32,0,1,19,33
18411,6111,47,12299,11529,0,35786,197,2,4,2,2,19,1,0,31,62,32,0,1,19,33
17765,6189,46,11573,10728,1,35786,197,2,4,2,2,19,1,0,31,62,32,0,1,19,33
17722,6203,47,11518,10679,1,35786,197,2,4,2,2,19,1,0,31,62,32,0,1,19,33
17868,6126,46,11742,10905,0,35786,197,2,4,2,2,19,1,0,31,62,32,0,1,19,33
19835,7422,46,12412,11485,0,35786,197,2,4,2,2,19,1,0,31,62,32,0,1,19,33
18131,6398,47,11733,10868,0,35786,197,2,4,2,2,19,1,0,31,62,32,0,1,19,33
17586,6403,48,11182,10413,1,35786,197,2,4,2,2,19,1,0,31,62,32,0,1,19,33
18072,6373,35,11699,10954,0,35786,197,2,4,2,2,19,1,0,31,62,32,0,1,19,33
18376,6176,34,12199,11400,0,35786,197,2,4,2,2,19,1,0,31,62,32,0,1,19,33
17322,6298,48,11023,10210,0,35786,197,2,4,2,2,19,1,0,31,62,32,0,1,19,33
17370,6372,35,10997,10233,0,35786,197,2,4,2,2,19,1,0,31,62,32,0,1,19,33
18756,7054,46,11700,10863,1,35786,197,2,4,2,2,19,1,0,31,62,32,0,1,19,33
17541,6456,45,11084,10718,0,21379,137,2,4,2,2,19,1,0,31,37,32,0,1,19,33
18223,6373,47,11837,10919,1,35786,197,2,4,2,2,19,1,0,31,62,32,0,1,19,33
17677,6133,46,11543,10718,1,35786,197,2,4,2,2,19,1,0,31,62,32,0,1,19,33
18213,6160,46,12051,11213,0,35786,197,2,4,2,2,19,1,0,31,62,32,0,1,19,33
18624,6253,46,12370,11530,0,35786,197,2,4,2,2,19,1,0,31,62,32,0,1,19,33
18168,6434,46,11733,10943,1,35786,197,2,4,2,2,19,1,0,31,62,32,0,1,19,33
17849,6249,35,11599,10845,1,35786,197,2,4,2,2,19,1,0,31,62,32,0,1,19,33
18129,6213,35,11915,11138,1,35786,197,2,4,2,2,19,1,0,31,62,32,0,1,19,33
18404,6191,47,12212,11367,0,35786,197,2,4,2,2,19,1,0,31,62,32,0,1,19,33
19543,7031,47,12511,11651,0,35786,197,2,4,2,2,19,1,0,31,62,32,0,1,19,33
15678,6126,35,9551,9235,1,21379,137,2,4,2,2,19,1,0,31,37,32,0,1,19,33
18208,6147,46,12060,11227,0,35786,197,2,4,2,2,19,1,0,31,62,32,0,1,19,33
17576,6146,46,11429,10599,0,35786,197,2,4,2,2,19,1,0,31,62,32,0,1,19,33
17201,6301,35,10900,10131,1,35786,197,2,4,2,2,19,1,0,31,62,32,0,1,19,33
17645,6187,34,11457,10684,0,35786,197,2,4,2,2,19,1,0,31,62,32,0,1,19,33
18176,6108,45,12068,11245,0,35786,197,2,4,2,2,19,1,0,31,62,32,0,1,19,33
16731,6134,38,10597,10271,0,21379,137,2,4,2,2,19,1,0,31,37,32,0,1,19,33
8119,5997,34,2122,2011,0,19648,134,1,4,2,2,19,1,0,31,34,32,0,1,19,33
17742,6275,50,11465,10624,0,35786,197,2,4,2,2,19,1,0,31,62,32,0,1,19,33
18221,6357,45,11863,11039,0,35786,197,2,4,2,2,19,1,0,31,62,32,0,1,19,33
18455,6023,45,12424,11594,0,35786,197,2,4,2,2,19,1,0,31,62,32,0,1,19,33
17260,6178,34,11082,10313,0,35786,197,2,4,2,2,19,1,0,31,62,32,0,1,19,33
8222,6083,35,2139,2035,0,19648,134,1,4,2,2,19,1,0,31,34,32,0,1,19,33
17752,6308,46,11443,10665,0,35786,197,2,4,2,2,19,1,0,31,62,32,0,1,19,33
17705,6282,35,11411,10662,0,35786,197,2,4,2,2,19,1,0,31,62,32,0,1,19,33
18285,6013,44,12272,11446,1,35786,197,2,4,2,2,19,1,0,31,62,32,0,1,19,33
17474,5948,46,11525,10753,0,35786,197,2,4,2,2,19,1,0,31,62,32,0,1,19,33
17494,6252,47,11241,10403,0,35786,197,2,4,2,2,19,1,0,31,62,32,0,1,19,33
7961,5931,41,2030,1921,0,19648,134,1,4,2,2,19,1,0,31,34,32,0,1,19,33
15788,5787,48,10000,9652,0,21379,137,2,4,2,2,19,1,0,31,37,32,0,1,19,33
17582,6019,46,11563,10609,1,35786,197,2,4,2,2,19,1,0,31,62,32,0,1,19,33
17359,6257,47,11101,10259,0,35786,197,2,4,2,2,19,1,0,31,62,32,0,1,19,33
7825,5734,30,2089,1916,0,19648,134,1,4,2,2,19,1,0,31,34,32,0,1,19,33
17296,5604,45,11693,10773,0,35786,197,2,4,2,2,19,1,0,31,62,32,0,1,19,33
17121,5833,46,11286,10449,0,35786,197,2,4,2,2,19,1,0,31,62,32,0,1,19,33
15833,5964,48,9868,9531,1,21379,137,2,4,2,2,19,1,0,31,37,32,0,1,19,33
18223,5844,46,12378,11441,1,35786,197,2,4,2,2,19,1,0,31,62,32,0,1,19,33
17684,5952,41,11731,10897,1,35786,197,2,4,2,2,19,1,0,31,62,32,0,1,19,33
7998,5969,34,2016,1912,1,19648,134,1,4,2,2,19,1,0,31,34,32,0,1,19,33
17143,5878,30,11264,10523,0,35786,197,2,4,2,2,19,1,0,31,62,32,0,1,19,33
17870,5922,46,11949,11118,0,35786,197,2,4,2,2,19,1,0,31,62,32,0,1,19,33
18143,5882,48,12260,11447,0,35786,197,2,4,2,2,19,1,0,31,62,32,0,1,19,33
17443,5917,46,11513,10633,1,35786,197,2,4,2,2,19,1,0,31,62,32,0,1,19,33
17071,6121,34,10950,10207,0,35786,197,2,4,2,2,19,1,0,31,62,32,0,1,19,33
17648,6051,30,11597,10843,0,35786,197,2,4,2,2,19,1,0,31,62,32,0,1,19,33
17659,5635,43,12023,11204,1,35786,197,2,4,2,2,19,1,0,31,62,32,0,1,19,33
17281,5863,42,11416,10591,1,35786,197,2,4,2,2,19,1,0,31,62,32,0,1,19,33
17326,6260,43,11066,10243,0,35786,197,2,4,2,2,19,1,0,31,62,32,0,1,19,33
7569,5563,30,2006,1907,1,19648,134,1,4,2,2,19,1,0,31,34,32,0,1,19,33
17687,5769,41,11917,11105,0,35786,197,2,4,2,2,19,1,0,31,62,32,0,1,19,33
16339,5967,41,10372,10046,0,21379,137,2,4,2,2,19,1,0,31,37,32,0,1,19,33
17274,6128,42,11146,10322,0,35786,197,2,4,2,2,19,1,0,31,62,32,0,1,19,33
17424,5962,47,11461,10545,0,35786,197,2,4,2,2,19,1,0,31,62,32,0,1,19,33
7536,5525,30,2011,1910,0,19648,134,1,4,2,2,19,1,0,31,34,32,0,1,19,33
7711,5692,33,2019,1916,0,19648,134,1,4,2,2,19,1,0,31,34,32,0,1,19,33
17748,5808,41,11939,11121,0,35786,197,2,4,2,2,19,1,0,31,62,32,0,1,19,33
18160,5769,41,12389,11585,0,35786,197,2,4,2,2,19,1,0,31,62,32,0,1,19,33
18020,5943,47,12076,11237,0,35786,197,2,4,2,2,19,1,0,31,62,32,0,1,19,33
7716,5683,34,2031,1930,0,19648,134,1,4,2,2,19,1,0,31,34,32,0,1,19,33
17027,5703,36,11323,10570,0,35786,197,2,4,2,2,19,1,0,31,62,32,0,1,19,33
17285,5490,53,11793,10964,0,35786,197,2,4,2,2,19,1,0,31,62,32,0,1,19,33
18132,5904,44,12228,11410,0,35786,197,2,4,2,2,19,1,0,31,62,32,0,1,19,33
16887,5727,45,11161,10328,0,35786,197,2,4,2,2,19,1,0,31,62,32,0,1,19,33
16132,5981,46,10138,9744,1,21379,137,2,4,2,2,19,1,0,31,37,32,0,1,19,33
17894,5863,46,12030,11266,0,35786,197,2,4,2,2,19,1,0,31,62,32,0,1,19,33
17274,5963,31,11311,10392,0,35786,197,2,4,2,2,19,1,0,31,62,32,0,1,19,33
16885,5993,46,10892,10071,1,35786,197,2,4,2,2,19,1,0,31,62,32,0,1,19,33
17557,6070,34,11488,10750,0,35786,197,2,4,2,2,19,1,0,31,62,32,0,1,19,33
17862,6024,34,11836,11036,0,35786,197,2,4,2,2,19,1,0,31,62,32,0,1,19,33
18142,5738,44,12404,11581,0,35786,197,2,4,2,2,19,1,0,31,62,32,0,1,19,33
15858,5718,32,10139,9795,0,21379,137,2,4,2,2,19,1,0,31,37,32,0,1,19,33
18630,6569,41,12060,11237,0,35786,197,2,4,2,2,19,1,0,31,62,32,0,1,19,33
17853,5733,43,12119,11300,0,35786,197,2,4,2,2,19,1,0,31,62,32,0,1,19,33
17378,5656,33,11722,10963,0,35786,197,2,4,2,2,19,1,0,31,62,32,0,1,19,33
17193,5963,45,11229,10395,1,35786,197,2,4,2,2,19,1,0,31,62,32,0,1,19,33
17823,6267,45,11556,10734,0,35786,197,2,4,2,2,19,1,0,31,62,32,0,1,19,33
18106,6292,32,11815,11079,0,35786,197,2,4,2,2,19,1,0,31,62,32,0,1,19,33
15657,5939,41,9718,9382,0,21379,137,2,4,2,2,19,1,0,31,37,32,0,1,19,33
7581,5546,34,2035,1934,0,19648,134,1,4,2,2,19,1,0,31,34,32,0,1,19,33
7650,5645,31,2005,1904,0,19648,134,1,4,2,2,19,1,0,31,34,32,0,1,19,33
17588,5795,34,11791,11012,0,35786,197,2,4,2,2,19,1,0,31,62,32,0,1,19,33
17819,5719,41,12100,11277,0,35786,197,2,4,2,2,19,1,0,31,62,32,0,1,19,33
17865,6038,45,11826,10869,0,35786,197,2,4,2,2,19,1,0,31,62,32,0,1,19,33
17136,6098,47,11038,10213,0,35786,197,2,4,2,2,19,1,0,31,62,32,0,1,19,33
15880,6239,34,9641,9331,0,21379,137,2,4,2,2,19,1,0,31,37,32,0,1,19,33
17848,5893,33,11955,11116,0,35786,197,2,4,2,2,19,1,0,31,62,32,0,1,19,33
16842,5718,33,11123,10353,0,35786,197,2,4,2,2,19,1,0,31,62,32,0,1,19,33
17236,5789,43,11447,10630,0,35786,197,2,4,2,2,19,1,0,31,62,32,0,1,19,33
7755,5734,34,2020,1915,1,19648,134,1,4,2,2,19,1,0,31,34,32,0,1,19,33
7859,5774,46,2085,1971,0,19648,134,1,4,2,2,19,1,0,31,34,32,0,1,19,33
7604,5479,36,2125,2019,0,19648,134,1,4,2,2,19,1,0,31,34,32,0,1,19,33
18486,6986,42,11499,10657,0,35786,197,2,4,2,2,19,1,0,31,62,32,0,1,19,33
17514,6215,34,11299,10556,0,35786,197,2,4,2,2,19,1,0,31,62,32,0,1,19,33
16555,5675,34,10881,10119,0,35786,197,2,4,2,2,19,1,0,31,62,32,0,1,19,33
17035,5930,36,11103,10366,0,35786,197,2,4,2,2,19,1,0,31,62,32,0,1,19,33
17979,5732,45,12248,11420,0,35786,197,2,4,2,2,19,1,0,31,62,32,0,1,19,33
17295,5715,47,11581,10750,0,35786,197,2,4,2,2,19,1,0,31,62,32,0,1,19,33
15443,6117,44,9326,8996,0,21379,137,2,4,2,2,19,1,0,31,37,32,0,1,19,33
16878,5929,34,10948,10200,0,35786,197,2,4,2,2,19,1,0,31,62,32,0,1,19,33
15586,5750,34,9835,9530,0,21379,137,2,4,2,2,19,1,0,31,37,32,0,1,19,33
17654,5943,30,11710,10935,1,35786,197,2,4,2,2,19,1,0,31,62,32,0,1,19,33
7942,5908,34,2034,1932,0,19648,134,1,4,2,2,19,1,0,31,34,32,0,1,19,33
17450,5844,34,11605,10850,0,35786,197,2,4,2,2,19,1,0,31,62,32,0,1,19,33
18145,5793,45,12352,11408,0,35786,197,2,4,2,2,19,1,0,31,62,32,0,1,19,33
16431,6103,34,10327,10015,0,21379,137,2,4,2,2,19,1,0,31,37,32,0,1,19,33
18160,6404,34,11756,11011,0,35786,197,2,4,2,2,19,1,0,31,62,32,0,1,19,33
16689,5735,30,10954,10221,1,35786,197,2,4,2,2,19,1,0,31,62,32,0,1,19,33
17578,5992,34,11585,10826,0,35786,197,2,4,2,2,19,1,0,31,62,32,0,1,19,33
17969,5682,44,12287,11379,0,35786,197,2,4,2,2,19,1,0,31,62,32,0,1,19,33
17949,6081,46,11867,11053,1,35786,197,2,4,2,2,19,1,0,31,62,32,0,1,19,33
17423,6261,42,11162,10348,0,35786,197,2,4,2,2,19,1,0,31,62,32,0,1,19,33
18041,6188,47,11853,11025,0,35786,197,2,4,2,2,19,1,0,31,62,32,0,1,19,33
18129,5775,42,12352,11538,1,35786,197,2,4,2,2,19,1,0,31,62,32,0,1,19,33
17639,5724,42,11914,11094,0,35786,197,2,4,2,2,19,1,0,31,62,32,0,1,19,33
17027,5903,41,11124,10307,1,35786,197,2,4,2,2,19,1,0,31,62,32,0,1,19,33
18195,6134,45,12061,11237,1,35786,197,2,4,2,2,19,1,0,31,62,32,0,1,19,33
18127,6123,34,12003,11266,0,35786,197,2,4,2,2,19,1,0,31,62,32,0,1,19,33
15419,5679,34,9740,9434,0,21379,137,2,4,2,2,19,1,0,31,37,32,0,1,19,33
18882,6361,52,12521,11582,0,35786,197,2,4,2,2,19,1,0,31,62,32,0,1,19,33
17188,6074,44,11113,10300,0,35786,197,2,4,2,2,19,1,0,31,62,32,0,1,19,33
16934,5774,33,11159,10426,0,35786,197,2,4,2,2,19,1,0,31,62,32,0,1,19,33
18040,5680,40,12360,11541,0,35786,197,2,4,2,2,19,1,0,31,62,32,0,1,19,33
17693,5903,47,11789,10969,0,35786,197,2,4,2,2,19,1,0,31,62,32,0,1,19,33
17496,6189,42,11306,10513,0,35786,197,2,4,2,2,19,1,0,31,62,32,0,1,19,33
17113,5793,42,11319,10547,1,35786,197,2,4,2,2,19,1,0,31,62,32,0,1,19,33
18099,5753,45,12346,11522,1,35786,197,2,4,2,2,19,1,0,31,62,32,0,1,19,33
17593,5915,42,11677,10849,0,35786,197,2,4,2,2,19,1,0,31,62,32,0,1,19,33
7764,5758,34,2006,1904,0,19648,134,1,4,2,2,19,1,0,31,34,32,0,1,19,33
18170,5933,42,12236,11415,0,35786,197,2,4,2,2,19,1,0,31,62,32,0,1,19,33
17343,5840,46,11502,10645,0,35786,197,2,4,2,2,19,1,0,31,62,32,0,1,19,33
17171,5922,47,11249,10411,0,35786,197,2,4,2,2,19,1,0,31,62,32,0,1,19,33
18516,6008,155,12509,11575,0,35786,197,2,4,2,2,19,1,0,31,62,32,0,1,19,33
17987,6054,34,11933,11191,0,35786,197,2,4,2,2,19,1,0,31,62,32,0,1,19,33
17501,6114,37,11387,10620,0,35786,197,2,4,2,2,19,1,0,31,62,32,0,1,19,33
18723,6772,45,11951,11086,0,35786,197,2,4,2,2,19,1,0,31,62,32,0,1,19,33
7933,5787,30,2146,2027,0,19648,134,1,4,2,2,19,1,0,31,34,32,0,1,19,33
17904,6193,42,11711,10956,0,35786,197,2,4,2,2,19,1,0,31,62,32,0,1,19,33
17799,6136,45,11662,10878,1,35786,197,2,4,2,2,19,1,0,31,62,32,0,1,19,33
16547,5879,33,10667,10361,0,21379,137,2,4,2,2,19,1,0,31,37,32,0,1,19,33
18374,5915,41,12459,11500,0,35786,197,2,4,2,2,19,1,0,31,62,32,0,1,19,33
17987,6247,45,11740,10981,0,35786,197,2,4,2,2,19,1,0,31,62,32,0,1,19,33
17507,6331,45,11175,10376,1,35786,197,2,4,2,2,19,1,0,31,62,32,0,1,19,33
16881,6080,45,10801,10015,0,35786,197,2,4,2,2,19,1,0,31,62,32,0,1,19,33
19395,6708,46,12686,11730,0,35786,197,2,4,2,2,19,1,0,31,62,32,0,1,19,33
17534,5725,41,11809,10979,0,35786,197,2,4,2,2,19,1,0,31,62,32,0,1,19,33
17120,6158,44,10962,10143,0,35786,197,2,4,2,2,19,1,0,31,62,32,0,1,19,33
18064,6195,45,11868,11043,0,35786,197,2,4,2,2,19,1,0,31,62,32,0,1,19,33
17635,5618,30,12017,11192,0,35786,197,2,4,2,2,19,1,0,31,62,32,0,1,19,33
17252,5567,41,11685,10868,0,35786,197,2,4,2,2,19,1,0,31,62,32,0,1,19,33
17389,6275,42,11114,10300,0,35786,197,2,4,2,2,19,1,0,31,62,32,0,1,19,33
18277,6331,41,11946,11119,0,35786,197,2,4,2,2,19,1,0,31,62,32,0,1,19,33
18214,5986,35,12229,11494,0,35786,197,2,4,2,2,19,1,0,31,62,32,0,1,19,33
17587,6148,35,11440,10691,0,35786,197,2,4,2,2,19,1,0,31,62,32,0,1,19,33
7800,5758,30,2042,1945,0,19648,134,1,4,2,2,19,1,0,31,34,32,0,1,19,33
18273,6204,33,12068,11329,1,35786,197,2,4,2,2,19,1,0,31,62,32,0,1,19,33
17089,5923,30,11166,10426,0,35786,197,2,4,2,2,19,1,0,31,62,32,0,1,19,33
16821,5792,30,11028,10271,1,35786,197,2,4,2,2,19,1,0,31,62,32,0,1,19,33
17679,5855,47,11823,10989,1,35786,197,2,4,2,2,19,1,0,31,62,32,0,1,19,33
18410,6277,47,12133,11385,0,35786,197,2,4,2,2,19,1,0,31,62,32,0,1,19,33
15735,6033,33,9702,9397,0,21379,137,2,4,2,2,19,1,0,31,37,32,0,1,19,33
17393,5917,34,11475,10722,1,35786,197,2,4,2,2,19,1,0,31,62,32,0,1,19,33
18337,5755,152,12582,11681,0,35786,197,2,4,2,2,19,1,0,31,62,32,0,1,19,33
17042,5690,31,11353,10600,0,35786,197,2,4,2,2,19,1,0,31,62,32,0,1,19,33
18172,5896,42,12276,11534,0,35786,197,2,4,2,2,19,1,0,31,62,32,0,1,19,33
17609,6247,34,11363,10615,0,35786,197,2,4,2,2,19,1,0,31,62,32,0,1,19,33
16555,5570,35,10985,10231,0,35786,197,2,4,2,2,19,1,0,31,62,32,0,1,19,33
16964,6152,37,10812,10053,0,35786,197,2,4,2,2,19,1,0,31,62,32,0,1,19,33
17984,5752,38,12233,11424,0,35786,197,2,4,2,2,19,1,0,31,62,32,0,1,19,33
17450,5837,46,11613,10771,0,35786,197,2,4,2,2,19,1,0,31,62,32,0,1,19,33
17183,6046,46,11137,10317,0,35786,197,2,4,2,2,19,1,0,31,62,32,0,1,19,33
17362,5919,46,11443,10622,0,35786,197,2,4,2,2,19,1,0,31,62,32,0,1,19,33
16163,5697,30,10466,10150,0,21379,137,2,4,2,2,19,1,0,31,37,32,0,1,19,33
17870,5694,41,12176,11354,0,35786,197,2,4,2,2,19,1,0,31,62,32,0,1,19,33
17391,5755,46,11635,10815,0,35786,197,2,4,2,2,19,1,0,31,62,32,0,1,19,33
17028,5975,47,11053,10221,0,35786,197,2,4,2,2,19,1,0,31,62,32,0,1,19,33
17151,5880,46,11270,10458,1,35786,197,2,4,2,2,19,1,0,31,62,32,0,1,19,33
17682,5708,34,11974,11229,0,35786,197,2,4,2,2,19,1,0,31,62,32,0,1,19,33
17729,5873,45,11855,11025,0,35786,197,2,4,2,2,19,1,0,31,62,32,0,1,19,33
17337,6382,46,10955,10128,0,35786,197,2,4,2,2,19,1,0,31,62,32,0,1,19,33
17718,6040,34,11678,10922,0,35786,197,2,4,2,2,19,1,0,31,62,32,0,1,19,33
18360,6105,46,12255,11460,0,35786,197,2,4,2,2,19,1,0,31,62,32,0,1,19,33
17559,5892,46,11667,10847,0,35786,197,2,4,2,2,19,1,0,31,62,32,0,1,19,33
16753,6017,41,10737,9918,0,35786,197,2,4,2,2,19,1,0,31,62,32,0,1,19,33
16906,5838,42,11069,10294,0,35786,197,2,4,2,2,19,1,0,31,62,32,0,1,19,33
16109,5674,46,10434,10095,0,21379,137,2,4,2,2,19,1,0,31,37,32,0,1,19,33
18337,6174,41,12163,11409,0,35786,197,2,4,2,2,19,1,0,31,62,32,0,1,19,33
7884,5872,34,2012,1910,0,19648,134,1,4,2,2,19,1,0,31,34,32,0,1,19,33
18050,5576,44,12474,11547,0,35786,197,2,4,2,2,19,1,0,31,62,32,0,1,19,33
17960,5793,47,12168,11344,0,35786,197,2,4,2,2,19,1,0,31,62,32,0,1,19,33
17365,6330,44,11035,10241,0,35786,197,2,4,2,2,19,1,0,31,62,32,0,1,19,33
18062,6191,46,11871,11054,0,35786,197,2,4,2,2,19,1,0,31,62,32,0,1,19,33
17772,5681,45,12090,11189,0,35786,197,2,4,2,2,19,1,0,31,62,32,0,1,19,33
17552,5760,44,11791,10961,0,35786,197,2,4,2,2,19,1,0,31,62,32,0,1,19,33
17501,6210,46,11291,10475,0,35786,197,2,4,2,2,19,1,0,31,62,32,0,1,19,33
17277,5859,44,11418,10615,0,35786,197,2,4,2,2,19,1,0,31,62,32,0,1,19,33
18047,5674,45,12373,11473,0,35786,197,2,4,2,2,19,1,0,31,62,32,0,1,19,33
7859,5849,35,2010,1905,0,19648,134,1,4,2,2,19,1,0,31,34,32,0,1,19,33
15181,5847,30,9334,9034,0,21379,137,2,4,2,2,19,1,0,31,37,32,0,1,19,33
17551,6022,42,11529,10717,0,35786,197,2,4,2,2,19,1,0,31,62,32,0,1,19,33
17756,5950,34,11807,11069,0,35786,197,2,4,2,2,19,1,0,31,62,32,0,1,19,33
17248,6031,34,11216,10481,0,35786,197,2,4,2,2,19,1,0,31,62,32,0,1,19,33
17141,5719,34,11422,10665,0,35786,197,2,4,2,2,19,1,0,31,62,32,0,1,19,33
17646,6183,46,11464,10643,0,35786,197,2,4,2,2,19,1,0,31,62,32,0,1,19,33
18063,6068,46,11994,11246,0,35786,197,2,4,2,2,19,1,0,31,62,32,0,1,19,33
17278,6100,39,11177,10433,1,35786,197,2,4,2,2,19,1,0,31,62,32,0,1,19,33
15102,5833,35,9269,8964,0,21379,137,2,4,2,2,19,1,0,31,37,32,0,1,19,33
17129,5951,31,11179,10361,0,35786,197,2,4,2,2,19,1,0,31,62,32,0,1,19,33
17112,6163,48,10949,10137,0,35786,197,2,4,2,2,19,1,0,31,62,32,0,1,19,33
18122,6175,30,11947,11209,0,35786,197,2,4,2,2,19,1,0,31,62,32,0,1,19,33
17046,5811,33,11235,10498,0,35786,197,2,4,2,2,19,1,0,31,62,32,0,1,19,33
15450,5817,42,9632,9294,1,21379,137,2,4,2,2,19,1,0,31,37,32,0,1,19,33
17468,6244,44,11223,10397,0,35786,197,2,4,2,2,19,1,0,31,62,32,0,1,19,33
7615,5654,31,1961,1835,0,19648,134,1,4,2,2,19,1,0,31,34,32,0,1,19,33
7897,5782,42,2116,2007,0,19648,134,1,4,2,2,19,1,0,31,34,32,0,1,19,33
17909,5770,47,12140,11182,0,35786,197,2,4,2,2,19,1,0,31,62,32,0,1,19,33
17435,5667,47,11767,10947,0,35786,197,2,4,2,2,19,1,0,31,62,32,0,1,19,33
17219,6082,46,11134,10313,0,35786,197,2,4,2,2,19,1,0,31,62,32,0,1,19,33
18485,6325,48,12160,11329,0,35786,197,2,4,2,2,19,1,0,31,62,32,0,1,19,33
16569,6037,117,10532,10128,0,21379,137,2,4,2,2,19,1,0,31,37,32,0,1,19,33
17877,5591,44,12285,11467,0,35786,197,2,4,2,2,19,1,0,31,62,32,0,1,19,33
17409,5680,45,11729,10912,0,35786,197,2,4,2,2,19,1,0,31,62,32,0,1,19,33
17437,6230,46,11207,10386,0,35786,197,2,4,2,2,19,1,0,31,62,32,0,1,19,33
17797,6345,47,11451,10621,0,35786,197,2,4,2,2,19,1,0,31,62,32,0,1,19,33
18098,5990,35,12109,11367,0,35786,197,2,4,2,2,19,1,0,31,62,32,0,1,19,33
15829,5575,42,10253,9907,0,21379,137,2,4,2,2,19,1,0,31,37,32,0,1,19,33
15806,5840,47,9966,9621,0,21379,137,2,4,2,2,19,1,0,31,37,32,0,1,19,33
17665,6293,46,11371,10609,1,35786,197,2,4,2,2,19,1,0,31,62,32,0,1,19,33
17718,6048,34,11670,10911,0,35786,197,2,4,2,2,19,1,0,31,62,32,0,1,19,33
18225,5852,167,12373,11474,0,35786,197,2,4,2,2,19,1,0,31,62,32,0,1,19,33
16453,5893,44,10561,10235,0,21379,137,2,4,2,2,19,1,0,31,37,32,0,1,19,33
18125,6386,34,11739,11000,0,35786,197,2,4,2,2,19,1,0,31,62,32,0,1,19,33
16887,5751,30,11135,10393,1,35786,197,2,4,2,2,19,1,0,31,62,32,0,1,19,33
17357,6013,30,11343,10586,0,35786,197,2,4,2,2,19,1,0,31,62,32,0,1,19,33
18365,5940,34,12425,11487,0,35786,197,2,4,2,2,19,1,0,31,62,32,0,1,19,33
7466,5463,34,2003,1901,0,19648,134,1,4,2,2,19,1,0,31,34,32,0,1,19,33
18277,6110,32,12167,11333,0,35786,197,2,4,2,2,19,1,0,31,62,32,0,1,19,33
16015,5525,30,10490,10183,0,21379,137,2,4,2,2,19,1,0,31,37,32,0,1,19,33
18068,5910,44,12158,11396,0,35786,197,2,4,2,2,19,1,0,31,62,32,0,1,19,33
18547,6796,43,11751,10918,0,35786,197,2,4,2,2,19,1,0,31,62,32,0,1,19,33
16885,6013,46,10872,10124,1,35786,197,2,4,2,2,19,1,0,31,62,32,0,1,19,33
17484,6012,47,11471,10716,0,35786,197,2,4,2,2,19,1,0,31,62,32,0,1,19,33
18529,6264,46,12265,11434,0,35786,197,2,4,2,2,19,1,0,31,62,32,0,1,19,33
18679,5741,188,12937,11839,1,35786,197,2,4,2,2,19,1,0,31,62,32,0,1,19,33
17454,5983,46,11470,10643,0,35786,197,2,4,2,2,19,1,0,31,62,32,0,1,19,33
18765,6109,40,12656,11844,0,35786,197,2,4,2,2,19,1,0,31,62,32,0,1,19,33
7401,5333,30,2068,1970,0,19648,134,1,4,2,2,19,1,0,31,34,32,0,1,19,33
17831,5761,126,12070,11238,0,35786,197,2,4,2,2,19,1,0,31,62,32,0,1,19,33
8030,6020,33,2010,1908,0,19648,134,1,4,2,2,19,1,0,31,34,32,0,1,19,33
18602,6875,41,11727,10887,1,35786,197,2,4,2,2,19,1,0,31,62,32,0,1,19,33
19238,6862,44,12375,11414,0,35786,197,2,4,2,2,19,1,0,31,62,32,0,1,19,33
17419,5773,30,11646,10909,0,35786,197,2,4,2,2,19,1,0,31,62,32,0,1,19,33
16562,5227,30,11335,10521,0,35786,197,2,4,2,2,19,1,0,31,62,32,0,1,19,33
17541,5627,42,11914,11084,0,35786,197,2,4,2,2,19,1,0,31,62,32,0,1,19,33
17970,5730,30,12240,11316,0,35786,197,2,4,2,2,19,1,0,31,62,32,0,1,19,33
17825,6063,30,11763,11022,0,35786,197,2,4,2,2,19,1,0,31,62,32,0,1,19,33
7314,5297,29,2017,1920,0,19648,134,1,4,2,2,19,1,0,31,34,32,0,1,19,33
18065,5857,29,12206,11336,0,35786,197,2,4,2,2,19,1,0,31,62,32,0,1,19,33
17110,5589,29,11520,10777,0,35786,197,2,4,2,2,19,1,0,31,62,32,0,1,19,33
16537,5278,30,11258,10396,0,35786,197,2,4,2,2,19,1,0,31,62,32,0,1,19,33
15396,5632,36,9764,9451,0,21379,137,2,4,2,2,19,1,0,31,37,32,0,1,19,33
7441,5375,43,2066,1956,0,19648,134,1,4,2,2,19,1,0,31,34,32,0,1,19,33
17811,6131,31,11679,10935,0,35786,197,2,4,2,2,19,1,0,31,62,32,0,1,19,33
16517,5524,30,10993,10261,0,35786,197,2,4,2,2,19,1,0,31,62,32,0,1,19,33
16929,5513,31,11416,10659,0,35786,197,2,4,2,2,19,1,0,31,62,32,0,1,19,33
18123,5824,30,12299,11340,0,35786,197,2,4,2,2,19,1,0,31,62,32,0,1,19,33
17404,5701,30,11703,10962,0,35786,197,2,4,2,2,19,1,0,31,62,32,0,1,19,33
16371,5168,32,11204,10472,0,35786,197,2,4,2,2,19,1,0,31,62,32,0,1,19,33
17400,5512,42,11889,11055,0,35786,197,2,4,2,2,19,1,0,31,62,32,0,1,19,33
17732,5878,165,11854,10905,0,35786,197,2,4,2,2,19,1,0,31,62,32,0,1,19,33
17351,5553,34,11797,11062,0,35786,197,2,4,2,2,19,1,0,31,62,32,0,1,19,33
17041,5343,42,11699,10879,0,35786,197,2,4,2,2,19,1,0,31,62,32,0,1,19,33
16894,5890,41,11003,10190,1,35786,197,2,4,2,2,19,1,0,31,62,32,0,1,19,33
16500,5644,42,10856,10040,0,35786,197,2,4,2,2,19,1,0,31,62,32,0,1,19,33
17605,5501,30,12105,11294,0,35786,197,2,4,2,2,19,1,0,31,62,32,0,1,19,33
7685,5608,41,2078,1969,0,19648,134,1,4,2,2,19,1,0,31,34,32,0,1,19,33
16931,5668,30,11263,10514,0,35786,197,2,4,2,2,19,1,0,31,62,32,0,1,19,33
17859,5605,40,12253,11432,0,35786,197,2,4,2,2,19,1,0,31,62,32,0,1,19,33
17543,5760,42,11782,10969,0,35786,197,2,4,2,2,19,1,0,31,62,32,0,1,19,33
17537,6162,41,11375,10560,0,35786,197,2,4,2,2,19,1,0,31,62,32,0,1,19,33
17429,5880,41,11549,10775,0,35786,197,2,4,2,2,19,1,0,31,62,32,0,1,19,33
17879,5736,40,12143,11208,0,35786,197,2,4,2,2,19,1,0,31,62,32,0,1,19,33
17246,5422,41,11824,11013,0,35786,197,2,4,2,2,19,1,0,31,62,32,0,1,19,33
16960,5766,43,11194,10340,0,35786,197,2,4,2,2,19,1,0,31,62,32,0,1,19,33
17283,5644,41,11640,10880,0,35786,197,2,4,2,2,19,1,0,31,62,32,0,1,19,33
7456,5440,41,2015,1908,1,19648,134,1,4,2,2,19,1,0,31,34,32,0,1,19,33
7143,5057,92,2086,1927,0,19648,134,1,4,2,2,19,1,0,31,34,32,0,1,19,33
17801,5727,29,12074,11273,0,35786,197,2,4,2,2,19,1,0,31,62,32,0,1,19,33
16685,5282,30,11403,10672,0,35786,197,2,4,2,2,19,1,0,31,62,32,0,1,19,33
17331,5994,41,11337,10526,0,35786,197,2,4,2,2,19,1,0,31,62,32,0,1,19,33
15590,5531,43,10059,9724,0,21379,137,2,4,2,2,19,1,0,31,37,32,0,1,19,33
17275,5589,31,11686,10938,0,35786,197,2,4,2,2,19,1,0,31,62,32,0,1,19,33
17980,5694,40,12285,11380,0,35786,197,2,4,2,2,19,1,0,31,62,32,0,1,19,33
17259,5686,30,11572,10835,0,35786,197,2,4,2,2,19,1,0,31,62,32,0,1,19,33
16982,5578,29,11404,10673,0,35786,197,2,4,2,2,19,1,0,31,62,32,0,1,19,33
7616,5535,33,2081,1973,0,19648,134,1,4,2,2,19,1,0,31,34,32,0,1,19,33
7102,5097,30,2005,1907,0,19648,134,1,4,2,2,19,1,0,31,34,32,0,1,19,33
17204,5891,41,11312,10490,0,35786,197,2,4,2,2,19,1,0,31,62,32,0,1,19,33
17555,5290,30,12265,11393,0,35786,197,2,4,2,2,19,1,0,31,62,32,0,1,19,33
15909,5585,41,10323,9985,1,21379,137,2,4,2,2,19,1,0,31,37,32,0,1,19,33
15974,5734,30,10240,9936,0,21379,137,2,4,2,2,19,1,0,31,37,32,0,1,19,33
16965,5454,31,11512,10769,0,35786,197,2,4,2,2,19,1,0,31,62,32,0,1,19,33
16731,5530,31,11200,10387,0,35786,197,2,4,2,2,19,1,0,31,62,32,0,1,19,33
17844,5866,41,11978,11147,0,35786,197,2,4,2,2,19,1,0,31,62,32,0,1,19,33
17972,5805,30,12167,11276,0,35786,197,2,4,2,2,19,1,0,31,62,32,0,1,19,33
15473,5309,31,10164,9862,0,21379,137,2,4,2,2,19,1,0,31,37,32,0,1,19,33
7626,5560,29,2065,1966,1,19648,134,1,4,2,2,19,1,0,31,34,32,0,1,19,33
17667,5812,41,11855,11042,1,35786,197,2,4,2,2,19,1,0,31,62,32,0,1,19,33
17347,5178,41,12169,11289,0,35786,197,2,4,2,2,19,1,0,31,62,32,0,1,19,33
17279,5535,40,11744,10931,1,35786,197,2,4,2,2,19,1,0,31,62,32,0,1,19,33
17856,6451,43,11405,10578,0,35786,197,2,4,2,2,19,1,0,31,62,32,0,1,19,33
16908,5564,31,11343,10582,0,35786,197,2,4,2,2,19,1,0,31,62,32,0,1,19,33
17611,5423,40,12188,11267,0,35786,197,2,4,2,2,19,1,0,31,62,32,0,1,19,33
7694,5692,29,2002,1903,0,19648,134,1,4,2,2,19,1,0,31,34,32,0,1,19,33
17471,5604,30,11866,11093,0,35786,197,2,4,2,2,19,1,0,31,62,32,0,1,19,33
17987,5650,42,12336,11448,0,35786,197,2,4,2,2,19,1,0,31,62,32,0,1,19,33
17474,5853,40,11621,10873,0,35786,197,2,4,2,2,19,1,0,31,62,32,0,1,19,33
17061,5590,30,11471,10638,0,35786,197,2,4,2,2,19,1,0,31,62,32,0,1,19,33
16930,5696,29,11234,10479,0,35786,197,2,4,2,2,19,1,0,31,62,32,0,1,19,33
16417,5736,42,10681,10343,0,21379,137,2,4,2,2,19,1,0,31,37,32,0,1,19,33
18186,5853,30,12334,11425,0,35786,197,2,4,2,2,19,1,0,31,62,32,0,1,19,33
17137,5425,31,11711,10967,0,35786,197,2,4,2,2,19,1,0,31,62,32,0,1,19,33
15417,5476,41,9940,9605,0,21379,137,2,4,2,2,19,1,0,31,37,32,0,1,19,33
17027,5769,41,11257,10373,0,35786,197,2,4,2,2,19,1,0,31,62,32,0,1,19,33
16692,5656,41,11037,10281,0,35786,197,2,4,2,2,19,1,0,31,62,32,0,1,19,33
17850,5525,40,12325,11429,0,35786,197,2,4,2,2,19,1,0,31,62,32,0,1,19,33
17715,5767,43,11948,11122,0,35786,197,2,4,2,2,19,1,0,31,62,32,0,1,19,33
17151,5702,41,11448,10624,0,35786,197,2,4,2,2,19,1,0,31,62,32,0,1,19,33
17183,5792,44,11391,10561,0,35786,197,2,4,2,2,19,1,0,31,62,32,0,1,19,33
15891,5402,34,10489,10176,0,21379,137,2,4,2,2,19,1,0,31,37,32,0,1,19,33
16791,5750,30,11041,10285,0,35786,197,2,4,2,2,19,1,0,31,62,32,0,1,19,33
18818,5730,197,13088,11883,0,35786,197,2,4,2,2,19,1,0,31,62,32,0,1,19,33
18348,5999,30,12349,11539,0,35786,197,2,4,2,2,19,1,0,31,62,32,0,1,19,33
17318,5526,30,11792,11058,0,35786,197,2,4,2,2,19,1,0,31,62,32,0,1,19,33
16870,5313,41,11556,10743,0,35786,197,2,4,2,2,19,1,0,31,62,32,0,1,19,33
16971,5903,41,11068,10251,0,35786,197,2,4,2,2,19,1,0,31,62,32,0,1,19,33
17239,5695,42,11543,10725,0,35786,197,2,4,2,2,19,1,0,31,62,32,0,1,19,33
15854,5398,38,10455,10047,0,21379,137,2,4,2,2,19,1,0,31,37,32,0,1,19,33
17696,5544,42,12153,11328,0,35786,197,2,4,2,2,19,1,0,31,62,32,0,1,19,33
17455,5756,43,11699,10882,0,35786,197,2,4,2,2,19,1,0,31,62,32,0,1,19,33
16510,5512,29,10998,10262,0,35786,197,2,4,2,2,19,1,0,31,62,32,0,1,19,33
17023,5613,31,11410,10645,0,35786,197,2,4,2,2,19,1,0,31,62,32,0,1,19,33
17760,5484,41,12276,11369,0,35786,197,2,4,2,2,19,1,0,31,62,32,0,1,19,33
17386,5833,30,11553,10812,0,35786,197,2,4,2,2,19,1,0,31,62,32,0,1,19,33
16443,5425,30,11018,10197,0,35786,197,2,4,2,2,19,1,0,31,62,32,0,1,19,33
14967,5230,30,9731,9422,0,21379,137,2,4,2,2,19,1,0,31,37,32,0,1,19,33
17705,6003,41,11701,10875,0,35786,197,2,4,2,2,19,1,0,31,62,32,0,1,19,33
18053,5819,30,12234,11316,0,35786,197,2,4,2,2,19,1,0,31,62,32,0,1,19,33
17016,5324,30,11692,10958,0,35786,197,2,4,2,2,19,1,0,31,62,32,0,1,19,33
17001,5355,41,11646,10835,0,35786,197,2,4,2,2,19,1,0,31,62,32,0,1,19,33
17555,5908,42,11647,10818,0,35786,197,2,4,2,2,19,1,0,31,62,32,0,1,19,33
18275,5688,160,12586,11621,0,35786,197,2,4,2,2,19,1,0,31,62,32,0,1,19,33
18033,6010,30,12024,11285,0,35786,197,2,4,2,2,19,1,0,31,62,32,0,1,19,33
16738,5369,30,11369,10633,0,35786,197,2,4,2,2,19,1,0,31,62,32,0,1,19,33
16846,5379,30,11467,10652,0,35786,197,2,4,2,2,19,1,0,31,62,32,0,1,19,33
15778,5838,44,9941,9603,0,21379,137,2,4,2,2,19,1,0,31,37,32,0,1,19,33
16924,5500,31,11424,10685,0,35786,197,2,4,2,2,19,1,0,31,62,32,0,1,19,33
18134,5835,29,12298,11571,1,35786,197,2,4,2,2,19,1,0,31,62,32,0,1,19,33
15935,5785,30,10150,9850,0,21379,137,2,4,2,2,19,1,0,31,37,32,0,1,19,33
17185,5509,30,11677,10942,0,35786,197,2,4,2,2,19,1,0,31,62,32,0,1,19,33
17005,5603,41,11402,10584,0,35786,197,2,4,2,2,19,1,0,31,62,32,0,1,19,33
18075,6076,40,11998,11173,0,35786,197,2,4,2,2,19,1,0,31,62,32,0,1,19,33
17652,5516,29,12135,11296,1,35786,197,2,4,2,2,19,1,0,31,62,32,0,1,19,33
17331,5516,30,11814,11073,1,35786,197,2,4,2,2,19,1,0,31,62,32,0,1,19,33
16842,5402,40,11440,10556,0,35786,197,2,4,2,2,19,1,0,31,62,32,0,1,19,33
17044,5828,41,11215,10397,0,35786,197,2,4,2,2,19,1,0,31,62,32,0,1,19,33
17690,5452,29,12238,11301,0,35786,197,2,4,2,2,19,1,0,31,62,32,0,1,19,33
8059,5950,30,2109,2012,0,19648,134,1,4,2,2,19,1,0,31,34,32,0,1,19,33
7456,5394,31,2061,1964,1,19648,134,1,4,2,2,19,1,0,31,34,32,0,1,19,33
18497,6250,43,12246,11412,1,35786,197,2,4,2,2,19,1,0,31,62,32,0,1,19,33
8655,6542,29,2112,2015,0,19648,134,1,4,2,2,19,1,0,31,34,32,0,1,19,33
17672,5636,29,12035,11278,0,35786,197,2,4,2,2,19,1,0,31,62,32,0,1,19,33
15900,5590,41,10308,9970,0,21379,137,2,4,2,2,19,1,0,31,37,32,0,1,19,33
8864,6683,44,2181,2070,0,19648,134,1,4,2,2,19,1,0,31,34,32,0,1,19,33
17672,6074,30,11598,10838,0,35786,197,2,4,2,2,19,1,0,31,62,32,0,1,19,33
18013,5740,41,12273,11494,0,35786,197,2,4,2,2,19,1,0,31,62,32,0,1,19,33
17565,6181,31,11384,10649,0,35786,197,2,4,2,2,19,1,0,31,62,32,0,1,19,33
16625,5568,29,11058,10318,0,35786,197,2,4,2,2,19,1,0,31,62,32,0,1,19,33
15858,5426,43,10432,10092,0,21379,137,2,4,2,2,19,1,0,31,37,32,0,1,19,33
17607,6114,42,11492,10666,0,35786,197,2,4,2,2,19,1,0,31,62,32,0,1,19,33
17811,5646,29,12164,11330,0,35786,197,2,4,2,2,19,1,0,31,62,32,0,1,19,33
17279,5481,39,11798,10989,0,35786,197,2,4,2,2,19,1,0,31,62,32,0,1,19,33
17037,5559,41,11477,10662,0,35786,197,2,4,2,2,19,1,0,31,62,32,0,1,19,33
17788,6285,40,11503,10658,0,35786,197,2,4,2,2,19,1,0,31,62,32,0,1,19,33
17803,5572,30,12232,11296,0,35786,197,2,4,2,2,19,1,0,31,62,32,0,1,19,33
17521,5810,30,11711,10947,0,35786,197,2,4,2,2,19,1,0,31,62,32,0,1,19,33
17909,6494,43,11415,10590,0,35786,197,2,4,2,2,19,1,0,31,62,32,0,1,19,33
18013,6146,43,11867,11020,0,35786,197,2,4,2,2,19,1,0,31,62,32,0,1,19,33
19115,6282,40,12834,11820,0,35786,197,2,4,2,2,19,1,0,31,62,32,0,1,19,33
17541,5709,40,11832,11021,0,35786,197,2,4,2,2,19,1,0,31,62,32,0,1,19,33
7337,5292,32,2045,1944,0,19648,134,1,4,2,2,19,1,0,31,34,32,0,1,19,33
17769,5479,41,12290,11344,0,35786,197,2,4,2,2,19,1,0,31,62,32,0,1,19,33
18097,5909,43,12188,11367,0,35786,197,2,4,2,2,19,1,0,31,62,32,0,1,19,33
7854,5815,40,2039,1932,0,19648,134,1,4,2,2,19,1,0,31,34,32,0,1,19,33
17792,5484,40,12307,11416,0,35786,197,2,4,2,2,19,1,0,31,62,32,0,1,19,33
17897,6063,42,11834,11079,0,35786,197,2,4,2,2,19,1,0,31,62,32,0,1,19,33
16930,5292,31,11637,10819,0,35786,197,2,4,2,2,19,1,0,31,62,32,0,1,19,33
17993,6412,30,11582,10838,0,35786,197,2,4,2,2,19,1,0,31,62,32,0,1,19,33
7055,5039,29,2016,1919,0,19648,134,1,4,2,2,19,1,0,31,34,32,0,1,19,33
14822,5235,31,9588,9286,0,21379,137,2,4,2,2,19,1,0,31,37,32,0,1,19,33
16861,5809,42,11052,10302,0,35786,197,2,4,2,2,19,1,0,31,62,32,0,1,19,33
17306,5502,44,11804,11042,0,35786,197,2,4,2,2,19,1,0,31,62,32,0,1,19,33
18961,6610,40,12351,11391,0,35786,197,2,4,2,2,19,1,0,31,62,32,0,1,19,33
17445,5877,41,11568,10821,0,35786,197,2,4,2,2,19,1,0,31,62,32,0,1,19,33
16852,5717,29,11135,10401,1,35786,197,2,4,2,2,19,1,0,31,62,32,0,1,19,33
14640,5060,31,9580,9274,0,21379,137,2,4,2,2,19,1,0,31,37,32,0,1,19,33
17632,5876,41,11757,10913,0,35786,197,2,4,2,2,19,1,0,31,62,32,0,1,19,33
18101,5830,30,12271,11352,0,35786,197,2,4,2,2,19,1,0,31,62,32,0,1,19,33
17226,5409,31,11817,11082,0,35786,197,2,4,2,2,19,1,0,31,62,32,0,1,19,33
16713,5268,30,11434,10629,0,35786,197,2,4,2,2,19,1,0,31,62,32,0,1,19,33
16889,5648,41,11241,10419,0,35786,197,2,4,2,2,19,1,0,31,62,32,0,1,19,33
14789,5529,42,9260,8920,0,21379,137,2,4,2,2,19,1,0,31,37,32,0,1,19,33
16987,5727,41,11260,10527,0,35786,197,2,4,2,2,19,1,0,31,62,32,0,1,19,33
17892,5694,41,12198,11377,0,35786,197,2,4,2,2,19,1,0,31,62,32,0,1,19,33
18263,6594,45,11669,10838,0,35786,197,2,4,2,2,19,1,0,31,62,32,0,1,19,33
17076,5724,30,11352,10593,0,35786,197,2,4,2,2,19,1,0,31,62,32,0,1,19,33
17766,5314,167,12451,11548,0,35786,197,2,4,2,2,19,1,0,31,62,32,0,1,19,33
16797,5715,29,11082,10261,0,35786,197,2,4,2,2,19,1,0,31,62,32,0,1,19,33
17939,5754,30,12185,11447,0,35786,197,2,4,2,2,19,1,0,31,62,32,0,1,19,33
17263,5740,30,11523,10780,0,35786,197,2,4,2,2,19,1,0,31,62,32,0,1,19,33
16753,5453,29,11299,10540,0,35786,197,2,4,2,2,19,1,0,31,62,32,0,1,19,33
17267,5787,42,11480,10650,0,35786,197,2,4,2,2,19,1,0,31,62,32,0,1,19,33
18118,5919,30,12199,11320,0,35786,197,2,4,2,2,19,1,0,31,62,32,0,1,19,33
17062,5396,30,11666,10925,0,35786,197,2,4,2,2,19,1,0,31,62,32,0,1,19,33
16492,5206,30,11284,10417,0,35786,197,2,4,2,2,19,1,0,31,62,32,0,1,19,33
17405,5956,41,11450,10621,0,35786,197,2,4,2,2,19,1,0,31,62,32,0,1,19,33
16001,5594,42,10406,10079,0,21379,137,2,4,2,2,19,1,0,31,37,32,0,1,19,33
17782,5329,40,12452,11544,1,35786,197,2,4,2,2,19,1,0,31,62,32,0,1,19,33
7638,5632,29,2006,1910,0,19648,134,1,4,2,2,19,1,0,31,34,32,0,1,19,33
15654,5390,30,10263,9953,0,21379,137,2,4,2,2,19,1,0,31,37,32,0,1,19,33
17170,5667,30,11503,10674,0,35786,197,2,4,2,2,19,1,0,31,62,32,0,1,19,33
18111,5899,30,12212,11348,0,35786,197,2,4,2,2,19,1,0,31,62,32,0,1,19,33
17322,5978,30,11343,10606,0,35786,197,2,4,2,2,19,1,0,31,62,32,0,1,19,33
16410,5300,29,11109,10298,0,35786,197,2,4,2,2,19,1,0,31,62,32,0,1,19,33
17043,5616,31,11426,10658,1,35786,197,2,4,2,2,19,1,0,31,62,32,0,1,19,33
17978,5598,30,12381,11421,0,35786,197,2,4,2,2,19,1,0,31,62,32,0,1,19,33
7212,5205,29,2008,1910,0,19648,134,1,4,2,2,19,1,0,31,34,32,0,1,19,33
15379,5355,41,10024,9681,0,21379,137,2,4,2,2,19,1,0,31,37,32,0,1,19,33
17284,5767,41,11517,10688,0,35786,197,2,4,2,2,19,1,0,31,62,32,0,1,19,33
7175,5158,30,2016,1915,1,19648,134,1,4,2,2,19,1,0,31,34,32,0,1,19,33
7470,5424,30,2047,1950,0,19648,134,1,4,2,2,19,1,0,31,34,32,0,1,19,33
17668,5433,44,12235,11401,0,35786,197,2,4,2,2,19,1,0,31,62,32,0,1,19,33
17437,5814,30,11623,10875,0,35786,197,2,4,2,2,19,1,0,31,62,32,0,1,19,33
16538,5447,31,11091,10336,0,35786,197,2,4,2,2,19,1,0,31,62,32,0,1,19,33
17522,5630,30,11893,11137,0,35786,197,2,4,2,2,19,1,0,31,62,32,0,1,19,33
17923,5696,40,12227,11350,0,35786,197,2,4,2,2,19,1,0,31,62,32,0,1,19,33
17493,5916,29,11577,10837,0,35786,197,2,4,2,2,19,1,0,31,62,32,0,1,19,33
16413,5356,29,11055,10215,0,35786,197,2,4,2,2,19,1,0,31,62,32,0,1,19,33
17036,5670,42,11366,10523,0,35786,197,2,4,2,2,19,1,0,31,62,32,0,1,19,33
7436,5425,29,2011,1915,0,19648,134,1,4,2,2,19,1,0,31,34,32,0,1,19,33
16813,5465,40,11348,10526,0,35786,197,2,4,2,2,19,1,0,31,62,32,0,1,19,33
17377,6057,42,11320,10493,0,35786,197,2,4,2,2,19,1,0,31,62,32,0,1,19,33
18030,5872,31,12158,11182,0,35786,197,2,4,2,2,19,1,0,31,62,32,0,1,19,33
17480,5644,30,11837,11092,0,35786,197,2,4,2,2,19,1,0,31,62,32,0,1,19,33
16891,5448,31,11442,10695,0,35786,197,2,4,2,2,19,1,0,31,62,32,0,1,19,33
16726,5398,41,11327,10478,0,35786,197,2,4,2,2,19,1,0,31,62,32,0,1,19,33
18239,5698,166,12542,11593,0,35786,197,2,4,2,2,19,1,0,31,62,32,0,1,19,33
17394,5425,29,11968,11221,1,35786,197,2,4,2,2,19,1,0,31,62,32,0,1,19,33
17159,5323,35,11836,11019,0,35786,197,2,4,2,2,19,1,0,31,62,32,0,1,19,33
15135,5792,43,9343,9014,0,21379,137,2,4,2,2,19,1,0,31,37,32,0,1,19,33
16072,5343,31,10729,9976,0,35786,197,2,4,2,2,19,1,0,31,62,32,0,1,19,33
17272,5765,29,11507,10747,0,35786,197,2,4,2,2,19,1,0,31,62,32,0,1,19,33
17897,5659,46,12238,11472,0,35786,197,2,4,2,2,19,1,0,31,62,32,0,1,19,33
17619,6024,41,11596,10838,0,35786,197,2,4,2,2,19,1,0,31,62,32,0,1,19,33
16609,5649,29,10959,10226,1,35786,197,2,4,2,2,19,1,0,31,62,32,0,1,19,33
17357,5610,31,11747,10981,0,35786,197,2,4,2,2,19,1,0,31,62,32,0,1,19,33
17798,5484,40,12314,11410,0,35786,197,2,4,2,2,19,1,0,31,62,32,0,1,19,33
17516,5849,42,11667,10915,0,35786,197,2,4,2,2,19,1,0,31,62,32,0,1,19,33
15261,5434,30,9828,9523,0,21379,137,2,4,2,2,19,1,0,31,37,32,0,1,19,33
16949,5366,32,11583,10763,0,35786,197,2,4,2,2,19,1,0,31,62,32,0,1,19,33
17123,5708,41,11415,10583,0,35786,197,2,4,2,2,19,1,0,31,62,32,0,1,19,33
16097,5755,45,10342,10006,0,21379,137,2,4,2,2,19,1,0,31,37,32,0,1,19,33
15811,5281,33,10530,10219,0,21379,137,2,4,2,2,19,1,0,31,37,32,0,1,19,33
18173,5653,42,12519,11617,0,35786,197,2,4,2,2,19,1,0,31,62,32,0,1,19,33
17696,5633,41,12063,11244,0,35786,197,2,4,2,2,19,1,0,31,62,32,0,1,19,33
15218,5625,29,9592,9285,1,21379,137,2,4,2,2,19,1,0,31,37,32,0,1,19,33
16667,5379,29,11287,10534,0,35786,197,2,4,2,2,19,1,0,31,62,32,0,1,19,33
17296,5872,42,11424,10592,0,35786,197,2,4,2,2,19,1,0,31,62,32,0,1,19,33
17707,5570,30,12136,11238,0,35786,197,2,4,2,2,19,1,0,31,62,32,0,1,19,33
7082,5077,30,2005,1909,0,19648,134,1,4,2,2,19,1,0,31,34,32,0,1,19,33
17771,5783,42,11988,11158,0,35786,197,2,4,2,2,19,1,0,31,62,32,0,1,19,33
17998,5726,29,12272,11432,0,35786,197,2,4,2,2,19,1,0,31,62,32,0,1,19,33
17268,5592,29,11676,10931,1,35786,197,2,4,2,2,19,1,0,31,62,32,0,1,19,33
16616,5213,30,11404,10627,0,35786,197,2,4,2,2,19,1,0,31,62,32,0,1,19,33
17633,5827,42,11806,10973,0,35786,197,2,4,2,2,19,1,0,31,62,32,0,1,19,33
18128,5896,29,12230,11281,1,35786,197,2,4,2,2,19,1,0,31,62,32,0,1,19,33
17217,5571,31,11646,10903,0,35786,197,2,4,2,2,19,1,0,31,62,32,0,1,19,33
16885,5456,37,11428,10612,0,35786,197,2,4,2,2,19,1,0,31,62,32,0,1,19,33
17562,6099,40,11463,10630,0,35786,197,2,4,2,2,19,1,0,31,62,32,0,1,19,33
17909,5545,29,12363,11418,0,35786,197,2,4,2,2,19,1,0,31,62,32,0,1,19,33
17398,5721,31,11677,10934,0,35786,197,2,4,2,2,19,1,0,31,62,32,0,1,19,33
16651,5239,31,11411,10651,0,35786,197,2,4,2,2,19,1,0,31,62,32,0,1,19,33
17025,5611,40,11414,10583,1,35786,197,2,4,2,2,19,1,0,31,62,32,0,1,19,33
14736,5460,30,9276,8951,0,21379,137,2,4,2,2,19,1,0,31,37,32,0,1,19,33
17526,5793,31,11733,10976,0,35786,197,2,4,2,2,19,1,0,31,62,32,0,1,19,33
16497,5610,41,10887,10547,0,21379,137,2,4,2,2,19,1,0,31,37,32,0,1,19,33
18068,6107,31,11961,11225,0,35786,197,2,4,2,2,19,1,0,31,62,32,0,1,19,33
15183,5336,30,9847,9545,0,21379,137,2,4,2,2,19,1,0,31,37,32,0,1,19,33
7564,5486,29,2078,1982,0,19648,134,1,4,2,2,19,1,0,31,34,32,0,1,19,33
17650,5307,29,12342,11420,1,35786,197,2,4,2,2,19,1,0,31,62,32,0,1,19,33
17352,5362,41,11990,11161,0,35786,197,2,4,2,2,19,1,0,31,62,32,0,1,19,33
17116,5771,41,11345,10529,0,35786,197,2,4,2,2,19,1,0,31,62,32,0,1,19,33
17197,5876,43,11321,10523,0,35786,197,2,4,2,2,19,1,0,31,62,32,0,1,19,33
15119,5108,30,10011,9714,0,21379,137,2,4,2,2,19,1,0,31,37,32,0,1,19,33
17477,5738,30,11740,10976,0,35786,197,2,4,2,2,19,1,0,31,62,32,0,1,19,33
19054,6197,181,12845,11694,0,35786,197,2,4,2,2,19,1,0,31,62,32,0,1,19,33
17636,5903,41,11734,10913,0,35786,197,2,4,2,2,19,1,0,31,62,32,0,1,19,33
17225,5107,30,12118,11368,0,35786,197,2,4,2,2,19,1,0,31,62,32,0,1,19,33
17622,5775,41,11848,11029,0,35786,197,2,4,2,2,19,1,0,31,62,32,0,1,19,33
16585,5607,41,10978,10229,0,35786,197,2,4,2,2,19,1,0,31,62,32,0,1,19,33
7176,5088,30,2088,1989,0,19648,134,1,4,2,2,19,1,0,31,34,32,0,1,19,33
17458,5899,40,11559,10809,0,35786,197,2,4,2,2,19,1,0,31,62,32,0,1,19,33
16804,5519,31,11285,10534,0,35786,197,2,4,2,2,19,1,0,31,62,32,0,1,19,33
17134,5591,32,11543,10781,0,35786,197,2,4,2,2,19,1,0,31,62,32,0,1,19,33
18019,5535,41,12484,11542,0,35786,197,2,4,2,2,19,1,0,31,62,32,0,1,19,33
17682,5929,42,11753,10920,0,35786,197,2,4,2,2,19,1,0,31,62,32,0,1,19,33
16390,5210,30,11180,10372,0,35786,197,2,4,2,2,19,1,0,31,62,32,0,1,19,33
16957,5231,30,11726,10978,0,35786,197,2,4,2,2,19,1,0,31,62,32,0,1,19,33
7107,5098,30,2009,1912,0,19648,134,1,4,2,2,19,1,0,31,34,32,0,1,19,33
7438,5264,30,2175,2077,0,19648,134,1,4,2,2,19,1,0,31,34,32,0,1,19,33
17561,5352,40,12209,11395,0,35786,197,2,4,2,2,19,1,0,31,62,32,0,1,19,33
17058,5393,40,11665,10831,0,35786,197,2,4,2,2,19,1,0,31,62,32,0,1,19,33
17180,5962,42,11217,10408,0,35786,197,2,4,2,2,19,1,0,31,62,32,0,1,19,33
17189,5679,43,11511,10740,0,35786,197,2,4,2,2,19,1,0,31,62,32,0,1,19,33
17450,5286,40,12163,11228,0,35786,197,2,4,2,2,19,1,0,31,62,32,0,1,19,33
17418,5540,41,11877,11059,0,35786,197,2,4,2,2,19,1,0,31,62,32,0,1,19,33
7216,5198,32,2018,1919,0,19648,134,1,4,2,2,19,1,0,31,34,32,0,1,19,33
17569,5387,41,12182,11281,0,35786,197,2,4,2,2,19,1,0,31,62,32,0,1,19,33
17612,5892,42,11720,10953,0,35786,197,2,4,2,2,19,1,0,31,62,32,0,1,19,33
17148,5915,42,11233,10467,0,35786,197,2,4,2,2,19,1,0,31,62,32,0,1,19,33
17039,5566,37,11473,10714,0,35786,197,2,4,2,2,19,1,0,31,62,32,0,1,19,33
17751,5509,43,12242,11291,0,35786,197,2,4,2,2,19,1,0,31,62,32,0,1,19,33
17484,5530,43,11942,11121,0,35786,197,2,4,2,2,19,1,0,31,62,32,0,1,19,33
15116,5260,30,9856,9552,0,21379,137,2,4,2,2,19,1,0,31,37,32,0,1,19,33
17146,5693,41,11453,10561,0,35786,197,2,4,2,2,19,1,0,31,62,32,0,1,19,33
17805,6006,41,11799,10957,0,35786,197,2,4,2,2,19,1,0,31,62,32,0,1,19,33
16538,5876,42,10662,10333,0,21379,137,2,4,2,2,19,1,0,31,37,32,0,1,19,33
17604,5323,43,12281,11354,0,35786,197,2,4,2,2,19,1,0,31,62,32,0,1,19,33
17595,5568,42,12027,11204,0,35786,197,2,4,2,2,19,1,0,31,62,32,0,1,19,33
17233,5928,44,11305,10479,0,35786,197,2,4,2,2,19,1,0,31,62,32,0,1,19,33
17455,5858,41,11596,10833,1,35786,197,2,4,2,2,19,1,0,31,62,32,0,1,19,33
17829,5627,40,12201,11314,0,35786,197,2,4,2,2,19,1,0,31,62,32,0,1,19,33
7713,5695,30,2019,1922,0,19648,134,1,4,2,2,19,1,0,31,34,32,0,1,19,33
14820,5112,29,9707,9390,1,21379,137,2,4,2,2,19,1,0,31,37,32,0,1,19,33
17539,5683,42,11856,11021,0,35786,197,2,4,2,2,19,1,0,31,62,32,0,1,19,33
17843,5801,30,12042,11119,0,35786,197,2,4,2,2,19,1,0,31,62,32,0,1,19,33
17111,5497,30,11614,10869,0,35786,197,2,4,2,2,19,1,0,31,62,32,0,1,19,33
17131,5407,37,11724,10903,0,35786,197,2,4,2,2,19,1,0,31,62,32,0,1,19,33
16902,5676,44,11226,10387,0,35786,197,2,4,2,2,19,1,0,31,62,32,0,1,19,33
18270,5961,29,12309,11349,0,35786,197,2,4,2,2,19,1,0,31,62,32,0,1,19,33
17424,5632,30,11793,11055,0,35786,197,2,4,2,2,19,1,0,31,62,32,0,1,19,33
17000,5443,29,11556,10744,0,35786,197,2,4,2,2,19,1,0,31,62,32,0,1,19,33
17511,6151,41,11360,10508,0,35786,197,2,4,2,2,19,1,0,31,62,32,0,1,19,33
15346,5303,30,10044,9740,0,21379,137,2,4,2,2,19,1,0,31,37,32,0,1,19,33
17107,5649,41,11458,10640,0,35786,197,2,4,2,2,19,1,0,31,62,32,0,1,19,33
17861,5881,30,11980,11237,0,35786,197,2,4,2,2,19,1,0,31,62,32,0,1,19,33
17107,5631,30,11476,10729,0,35786,197,2,4,2,2,19,1,0,31,62,32,0,1,19,33
7533,5492,30,2042,1936,0,19648,134,1,4,2,2,19,1,0,31,34,32,0,1,19,33
17441,5437,29,12003,11262,0,35786,197,2,4,2,2,19,1,0,31,62,32,0,1,19,33
17326,5517,40,11808,10987,0,35786,197,2,4,2,2,19,1,0,31,62,32,0,1,19,33
7497,5467,29,2031,1935,0,19648,134,1,4,2,2,19,1,0,31,34,32,0,1,19,33
17588,5434,42,12154,11335,0,35786,197,2,4,2,2,19,1,0,31,62,32,0,1,19,33
17396,5594,41,11802,10973,0,35786,197,2,4,2,2,19,1,0,31,62,32,0,1,19,33
16766,5798,42,10969,10199,0,35786,197,2,4,2,2,19,1,0,31,62,32,0,1,19,33
17004,5586,42,11419,10658,0,35786,197,2,4,2,2,19,1,0,31,62,32,0,1,19,33
17591,5455,40,12135,11290,1,35786,197,2,4,2,2,19,1,0,31,62,32,0,1,19,33
17325,5757,30,11567,10823,0,35786,197,2,4,2,2,19,1,0,31,62,32,0,1,19,33
16525,5225,30,11300,10537,0,35786,197,2,4,2,2,19,1,0,31,62,32,0,1,19,33
17571,5546,30,12025,11214,0,35786,197,2,4,2,2,19,1,0,31,62,32,0,1,19,33
18095,5850,30,12246,11348,0,35786,197,2,4,2,2,19,1,0,31,62,32,0,1,19,33
17005,5462,30,11543,10804,0,35786,197,2,4,2,2,19,1,0,31,62,32,0,1,19,33
17225,5416,30,11810,11008,0,35786,197,2,4,2,2,19,1,0,31,62,32,0,1,19,33
17234,5860,44,11374,10538,0,35786,197,2,4,2,2,19,1,0,31,62,32,0,1,19,33
18221,6046,30,12175,11246,0,35786,197,2,4,2,2,19,1,0,31,62,32,0,1,19,33
17382,5492,30,11890,11142,0,35786,197,2,4,2,2,19,1,0,31,62,32,0,1,19,33
17088,5460,41,11627,10804,0,35786,197,2,4,2,2,19,1,0,31,62,32,0,1,19,33
7625,5608,30,2017,1920,0,19648,134,1,4,2,2,19,1,0,31,34,32,0,1,19,33
15738,5310,41,10427,10088,0,21379,137,2,4,2,2,19,1,0,31,37,32,0,1,19,33
17766,5895,40,11870,11052,1,35786,197,2,4,2,2,19,1,0,31,62,32,0,1,19,33
17146,5914,42,11232,10480,0,35786,197,2,4,2,2,19,1,0,31,62,32,0,1,19,33
16530,5639,30,10891,10138,0,35786,197,2,4,2,2,19,1,0,31,62,32,0,1,19,33
17723,5354,41,12369,11461,0,35786,197,2,4,2,2,19,1,0,31,62,32,0,1,19,33
17730,5883,42,11847,11071,0,35786,197,2,4,2,2,19,1,0,31,62,32,0,1,19,33
17298,5796,41,11502,10740,0,35786,197,2,4,2,2,19,1,0,31,62,32,0,1,19,33
16567,5741,31,10827,10077,0,35786,197,2,4,2,2,19,1,0,31,62,32,0,1,19,33
17060,5511,29,11548,10803,1,35786,197,2,4,2,2,19,1,0,31,62,32,0,1,19,33
17756,5577,41,12179,11423,0,35786,197,2,4,2,2,19,1,0,31,62,32,0,1,19,33
17507,5991,43,11515,10758,0,35786,197,2,4,2,2,19,1,0,31,62,32,0,1,19,33
7142,5090,30,2052,1955,0,19648,134,1,4,2,2,19,1,0,31,34,32,0,1,19,33
7549,5522,38,2026,1919,0,19648,134,1,4,2,2,19,1,0,31,34,32,0,1,19,33
16696,5476,30,11220,10399,0,35786,197,2,4,2,2,19,1,0,31,62,32,0,1,19,33
17517,6134,42,11383,10566,1,35786,197,2,4,2,2,19,1,0,31,62,32,0,1,19,33
17758,5837,30,11921,11177,0,35786,197,2,4,2,2,19,1,0,31,62,32,0,1,19,33
17273,5640,31,11634,10885,0,35786,197,2,4,2,2,19,1,0,31,62,32,0,1,19,33
16898,5483,34,11415,10599,0,35786,197,2,4,2,2,19,1,0,31,62,32,0,1,19,33
18382,5882,32,12499,11669,0,35786,197,2,4,2,2,19,1,0,31,62,32,0,1,19,33
17125,5923,42,11202,10390,0,35786,197,2,4,2,2,19,1,0,31,62,32,0,1,19,33
17291,5306,29,11984,11237,0,35786,197,2,4,2,2,19,1,0,31,62,32,0,1,19,33
17230,5529,40,11700,10882,1,35786,197,2,4,2,2,19,1,0,31,62,32,0,1,19,33
17102,5921,40,11180,10354,0,35786,197,2,4,2,2,19,1,0,31,62,32,0,1,19,33
16892,5784,41,11108,10321,0,35786,197,2,4,2,2,19,1,0,31,62,32,0,1,19,33
17628,5349,40,12279,11355,0,35786,197,2,4,2,2,19,1,0,31,62,32,0,1,19,33
7836,5818,30,2018,1921,0,19648,134,1,4,2,2,19,1,0,31,34,32,0,1,19,33
17285,5546,30,11738,10971,0,35786,197,2,4,2,2,19,1,0,31,62,32,0,1,19,33
18011,5711,40,12299,11422,0,35786,197,2,4,2,2,19,1,0,31,62,32,0,1,19,33
17235,5595,30,11640,10895,0,35786,197,2,4,2,2,19,1,0,31,62,32,0,1,19,33
16900,5470,30,11430,10650,0,35786,197,2,4,2,2,19,1,0,31,62,32,0,1,19,33
18087,6228,43,11859,11013,0,35786,197,2,4,2,2,19,1,0,31,62,32,0,1,19,33
18201,5675,39,12524,11619,1,35786,197,2,4,2,2,19,1,0,31,62,32,0,1,19,33
17544,5551,40,11993,11166,0,35786,197,2,4,2,2,19,1,0,31,62,32,0,1,19,33
7266,5256,30,2010,1913,0,19648,134,1,4,2,2,19,1,0,31,34,32,0,1,19,33
19229,6471,40,12758,11818,0,35786,197,2,4,2,2,19,1,0,31,62,32,0,1,19,33
17575,5984,31,11591,10850,0,35786,197,2,4,2,2,19,1,0,31,62,32,0,1,19,33
16428,5483,30,10945,10142,0,35786,197,2,4,2,2,19,1,0,31,62,32,0,1,19,33
18034,6468,42,11566,10726,0,35786,197,2,4,2,2,19,1,0,31,62,32,0,1,19,33
17954,5712,29,12242,11338,0,35786,197,2,4,2,2,19,1,0,31,62,32,0,1,19,33
16016,5603,30,10413,10109,0,21379,137,2,4,2,2,19,1,0,31,37,32,0,1,19,33
17394,5492,41,11892,11071,0,35786,197,2,4,2,2,19,1,0,31,62,32,0,1,19,33
17313,5738,41,11575,10736,0,35786,197,2,4,2,2,19,1,0,31,62,32,0,1,19,33
14757,5095,30,9663,9363,0,21379,137,2,4,2,2,19,1,0,31,37,32,0,1,19,33
14670,5244,29,9426,9124,0,21379,137,2,4,2,2,19,1,0,31,37,32,0,1,19,33
17916,6167,42,11749,10897,0,35786,197,2,4,2,2,19,1,0,31,62,32,0,1,19,33
18357,5785,193,12572,11645,0,35786,197,2,4,2,2,19,1,0,31,62,32,0,1,19,33
17987,5781,41,12206,11457,0,35786,197,2,4,2,2,19,1,0,31,62,32,0,1,19,33
17291,5829,34,11462,10716,0,35786,197,2,4,2,2,19,1,0,31,62,32,0,1,19,33
16471,5469,29,11002,10245,0,35786,197,2,4,2,2,19,1,0,31,62,32,0,1,19,33
17109,5596,29,11512,10760,0,35786,197,2,4,2,2,19,1,0,31,62,32,0,1,19,33
16202,5573,30,10629,10225,0,21379,137,2,4,2,2,19,1,0,31,37,32,0,1,19,33
18755,6499,41,12255,11442,0,35786,197,2,4,2,2,19,1,0,31,62,32,0,1,19,33
16905,5593,30,11313,10575,0,35786,197,2,4,2,2,19,1,0,31,62,32,0,1,19,33
16584,5352,30,11232,10482,0,35786,197,2,4,2,2,19,1,0,31,62,32,0,1,19,33
17717,5628,31,12089,11257,0,35786,197,2,4,2,2,19,1,0,31,62,32,0,1,19,33
7288,5262,31,2017,1918,9,19648,134,1,4,2,2,19,1,0,31,34,32,0,1,19,33
15322,5543,41,9779,9440,0,21379,137,2,4,2,2,19,1,0,31,37,32,0,1,19,33
17317,6019,42,11297,10481,1,35786,197,2,4,2,2,19,1,0,31,62,32,0,1,19,33
17141,5508,30,11632,10858,0,35786,197,2,4,2,2,19,1,0,31,62,32,0,1,19,33
16139,5410,30,10729,10401,0,21379,137,2,4,2,2,19,1,0,31,37,32,0,1,19,33
16367,5832,30,10535,10131,0,21379,137,2,4,2,2,19,1,0,31,37,32,0,1,19,33
17317,5201,30,12116,11361,0,35786,197,2,4,2,2,19,1,0,31,62,32,0,1,19,33
7365,5273,29,2093,1997,0,19648,134,1,4,2,2,19,1,0,31,34,32,0,1,19,33
16609,5403,41,11206,10461,0,35786,197,2,4,2,2,19,1,0,31,62,32,0,1,19,33
17931,5594,42,12337,11515,0,35786,197,2,4,2,2,19,1,0,31,62,32,0,1,19,33
17230,5744,44,11486,10678,0,35786,197,2,4,2,2,19,1,0,31,62,32,0,1,19,33
17215,6037,42,11179,10404,0,35786,197,2,4,2,2,19,1,0,31,62,32,0,1,19,33
16871,5555,41,11316,10559,0,35786,197,2,4,2,2,19,1,0,31,62,32,0,1,19,33
17493,6479,157,11013,10558,0,21379,137,2,4,2,2,19,1,0,31,37,32,0,1,19,33
17987,5646,41,12340,11541,0,35786,197,2,4,2,2,19,1,0,31,62,32,0,1,19,33
15943,5812,29,10131,9830,0,21379,137,2,4,2,2,19,1,0,31,37,32,0,1,19,33
17277,5568,30,11710,10968,0,35786,197,2,4,2,2,19,1,0,31,62,32,0,1,19,33
16561,5319,30,11243,10461,0,35786,197,2,4,2,2,19,1,0,31,62,32,0,1,19,33
17402,5779,41,11623,10785,0,35786,197,2,4,2,2,19,1,0,31,62,32,0,1,19,33
17919,5917,29,12001,11138,0,35786,197,2,4,2,2,19,1,0,31,62,32,0,1,19,33
17130,5465,30,11666,10924,0,35786,197,2,4,2,2,19,1,0,31,62,32,0,1,19,33
16590,5169,30,11421,10567,0,35786,197,2,4,2,2,19,1,0,31,62,32,0,1,19,33
7223,5206,29,2017,1920,0,19648,134,1,4,2,2,19,1,0,31,34,32,0,1,19,33
17286,5334,43,11953,11132,0,35786,197,2,4,2,2,19,1,0,31,62,32,0,1,19,33
16984,5802,30,11182,10375,0,35786,197,2,4,2,2,19,1,0,31,62,32,0,1,19,33
16895,5666,30,11229,10479,0,35786,197,2,4,2,2,19,1,0,31,62,32,0,1,19,33
7832,5823,29,2009,1913,0,19648,134,1,4,2,2,19,1,0,31,34,32,0,1,19,33
16495,5306,30,11190,10435,0,35786,197,2,4,2,2,19,1,0,31,62,32,0,1,19,33
17080,5510,30,11571,10820,0,35786,197,2,4,2,2,19,1,0,31,62,32,0,1,19,33
18039,5708,29,12330,11376,1,35786,197,2,4,2,2,19,1,0,31,62,32,0,1,19,33
17636,5924,30,11712,10966,0,35786,197,2,4,2,2,19,1,0,31,62,32,0,1,19,33
16805,5437,31,11367,10624,0,35786,197,2,4,2,2,19,1,0,31,62,32,0,1,19,33
17449,5554,30,11896,11066,0,35786,197,2,4,2,2,19,1,0,31,62,32,0,1,19,33
18167,5897,30,12271,11315,0,35786,197,2,4,2,2,19,1,0,31,62,32,0,1,19,33
17394,5521,41,11873,11052,0,35786,197,2,4,2,2,19,1,0,31,62,32,0,1,19,33
17352,5907,44,11445,10678,0,35786,197,2,4,2,2,19,1,0,31,62,32,0,1,19,33
16441,5613,29,10829,10083,0,35786,197,2,4,2,2,19,1,0,31,62,32,0,1,19,33
17183,5676,30,11507,10755,0,35786,197,2,4,2,2,19,1,0,31,62,32,0,1,19,33
18111,5692,43,12419,11631,0,35786,197,2,4,2,2,19,1,0,31,62,32,0,1,19,33
17127,5791,41,11335,10577,1,35786,197,2,4,2,2,19,1,0,31,62,32,0,1,19,33
15262,5618,29,9644,9339,1,21379,137,2,4,2,2,19,1,0,31,37,32,0,1,19,33
16747,5647,30,11101,10300,0,35786,197,2,4,2,2,19,1,0,31,62,32,0,1,19,33
17286,5787,41,11499,10676,0,35786,197,2,4,2,2,19,1,0,31,62,32,0,1,19,33
17904,5798,31,12106,11379,0,35786,197,2,4,2,2,19,1,0,31,62,32,0,1,19,33
16816,5397,30,11419,10677,0,35786,197,2,4,2,2,19,1,0,31,62,32,0,1,19,33
16988,5444,30,11543,10726,0,35786,197,2,4,2,2,19,1,0,31,62,32,0,1,19,33
17253,5636,41,11618,10786,0,35786,197,2,4,2,2,19,1,0,31,62,32,0,1,19,33
15882,5444,42,10438,10113,0,21379,137,2,4,2,2,19,1,0,31,37,32,0,1,19,33
7335,5253,30,2082,1985,0,19648,134,1,4,2,2,19,1,0,31,34,32,0,1,19,33
16870,5945,35,10923,10176,0,35786,197,2,4,2,2,19,1,0,31,62,32,0,1,19,33
7493,5406,29,2087,1991,0,19648,134,1,4,2,2,19,1,0,31,34,32,0,1,19,33
17226,5868,30,11358,10619,0,35786,197,2,4,2,2,19,1,0,31,62,32,0,1,19,33
7229,5169,30,2060,1964,0,19648,134,1,4,2,2,19,1,0,31,34,32,0,1,19,33
17811,5734,36,12077,11327,0,35786,197,2,4,2,2,19,1,0,31,62,32,0,1,19,33
18935,6453,30,12362,11546,0,35786,197,2,4,2,2,19,1,0,31,62,32,0,1,19,33
17149,6181,41,10967,10221,1,35786,197,2,4,2,2,19,1,0,31,62,32,0,1,19,33
7366,5367,30,2000,1903,0,19648,134,1,4,2,2,19,1,0,31,34,32,0,1,19,33
16704,5420,31,11284,10532,0,35786,197,2,4,2,2,19,1,0,31,62,32,0,1,19,33
17345,5680,41,11665,10828,0,35786,197,2,4,2,2,19,1,0,31,62,32,0,1,19,33
17882,5835,30,12047,11307,0,35786,197,2,4,2,2,19,1,0,31,62,32,0,1,19,33
7127,5102,30,2025,1928,0,19648,134,1,4,2,2,19,1,0,31,34,32,0,1,19,33
15671,5894,41,9777,9438,0,21379,137,2,4,2,2,19,1,0,31,37,32,0,1,19,33
7163,5153,30,2010,1912,0,19648,134,1,4,2,2,19,1,0,31,34,32,0,1,19,33
17226,5771,44,11455,10686,0,35786,197,2,4,2,2,19,1,0,31,62,32,0,1,19,33
16552,5648,29,10903,10186,0,35786,197,2,4,2,2,19,1,0,31,62,32,0,1,19,33
17680,5894,31,11785,11023,0,35786,197,2,4,2,2,19,1,0,31,62,32,0,1,19,33
17781,5424,40,12356,11533,0,35786,197,2,4,2,2,19,1,0,31,62,32,0,1,19,33
17258,5608,41,11651,10875,0,35786,197,2,4,2,2,19,1,0,31,62,32,0,1,19,33
17376,6076,41,11301,10469,0,35786,197,2,4,2,2,19,1,0,31,62,32,0,1,19,33
17569,6186,42,11383,10549,0,35786,197,2,4,2,2,19,1,0,31,62,32,0,1,19,33
7072,5051,30,2021,1920,0,19648,134,1,4,2,2,19,1,0,31,34,32,0,1,19,33
6991,4947,29,2043,1946,0,19648,134,1,4,2,2,19,1,0,31,34,32,0,1,19,33
18103,5841,29,12262,11520,0,35786,197,2,4,2,2,19,1,0,31,62,32,0,1,19,33
17596,5990,30,11606,10857,0,35786,197,2,4,2,2,19,1,0,31,62,32,0,1,19,33
16456,5309,30,11146,10404,0,35786,197,2,4,2,2,19,1,0,31,62,32,0,1,19,33
17510,5818,30,11691,10860,0,35786,197,2,4,2,2,19,1,0,31,62,32,0,1,19,33
17890,5690,30,12200,11339,0,35786,197,2,4,2,2,19,1,0,31,62,32,0,1,19,33
17476,5860,30,11616,10878,0,35786,197,2,4,2,2,19,1,0,31,62,32,0,1,19,33
16502,5402,30,11099,10273,0,35786,197,2,4,2,2,19,1,0,31,62,32,0,1,19,33
17244,5817,30,11427,10598,0,35786,197,2,4,2,2,19,1,0,31,62,32,0,1,19,33
18155,5887,30,12268,11325,0,35786,197,2,4,2,2,19,1,0,31,62,32,0,1,19,33
17557,5806,30,11751,11009,0,35786,197,2,4,2,2,19,1,0,31,62,32,0,1,19,33
16387,5249,31,11138,10392,0,35786,197,2,4,2,2,19,1,0,31,62,32,0,1,19,33
7744,5688,32,2057,1952,0,19648,134,1,4,2,2,19,1,0,31,34,32,0,1,19,33
17046,5354,30,11693,10954,0,35786,197,2,4,2,2,19,1,0,31,62,32,0,1,19,33
17003,5499,41,11504,10680,0,35786,197,2,4,2,2,19,1,0,31,62,32,0,1,19,33
17207,5808,43,11399,10559,0,35786,197,2,4,2,2,19,1,0,31,62,32,0,1,19,33
16051,5536,41,10514,10189,0,21379,137,2,4,2,2,19,1,0,31,37,32,0,1,19,33
17503,5445,178,12058,11168,0,35786,197,2,4,2,2,19,1,0,31,62,32,0,1,19,33
17794,5459,40,12334,11510,0,35786,197,2,4,2,2,19,1,0,31,62,32,0,1,19,33
17304,5823,41,11481,10710,1,35786,197,2,4,2,2,19,1,0,31,62,32,0,1,19,33
17050,5770,29,11279,10534,1,35786,197,2,4,2,2,19,1,0,31,62,32,0,1,19,33
16785,5307,29,11478,10716,0,35786,197,2,4,2,2,19,1,0,31,62,32,0,1,19,33
18207,5623,40,12584,11779,0,35786,197,2,4,2,2,19,1,0,31,62,32,0,1,19,33
17155,5653,42,11502,10749,0,35786,197,2,4,2,2,19,1,0,31,62,32,0,1,19,33
16334,5362,29,10971,10229,0,35786,197,2,4,2,2,19,1,0,31,62,32,0,1,19,33
17053,5484,30,11569,10811,0,35786,197,2,4,2,2,19,1,0,31,62,32,0,1,19,33
7330,5288,30,2043,1946,0,19648,134,1,4,2,2,19,1,0,31,34,32,0,1,19,33
16683,5323,31,11360,10544,0,35786,197,2,4,2,2,19,1,0,31,62,32,0,1,19,33
17781,5740,42,12041,11210,0,35786,197,2,4,2,2,19,1,0,31,62,32,0,1,19,33
17905,5805,29,12100,11241,0,35786,197,2,4,2,2,19,1,0,31,62,32,0,1,19,33
16935,5280,30,11655,10917,0,35786,197,2,4,2,2,19,1,0,31,62,32,0,1,19,33
16948,5635,42,11313,10408,0,35786,197,2,4,2,2,19,1,0,31,62,32,0,1,19,33
7247,5248,30,1999,1902,1,19648,134,1,4,2,2,19,1,0,31,34,32,0,1,19,33
7542,5527,30,2015,1917,0,19648,134,1,4,2,2,19,1,0,31,34,32,0,1,19,33
15624,5352,29,10272,9965,0,21379,137,2,4,2,2,19,1,0,31,37,32,0,1,19,33
7450,5437,30,2013,1916,0,19648,134,1,4,2,2,19,1,0,31,34,32,0,1,19,33
16982,5238,30,11744,10926,0,35786,197,2,4,2,2,19,1,0,31,62,32,0,1,19,33
16970,5620,40,11351,10521,0,35786,197,2,4,2,2,19,1,0,31,62,32,0,1,19,33
7309,5295,30,2014,1916,0,19648,134,1,4,2,2,19,1,0,31,34,32,0,1,19,33
17552,5614,42,11938,11104,0,35786,197,2,4,2,2,19,1,0,31,62,32,0,1,19,33
17064,5671,42,11394,10573,0,35786,197,2,4,2,2,19,1,0,31,62,32,0,1,19,33
16984,5773,41,11211,10389,0,35786,197,2,4,2,2,19,1,0,31,62,32,0,1,19,33
17501,5398,29,12102,11235,1,35786,197,2,4,2,2,19,1,0,31,62,32,0,1,19,33
17195,5298,40,11898,11077,0,35786,197,2,4,2,2,19,1,0,31,62,32,0,1,19,33
16654,5680,41,10974,10090,0,35786,197,2,4,2,2,19,1,0,31,62,32,0,1,19,33
17127,5611,30,11517,10765,0,35786,197,2,4,2,2,19,1,0,31,62,32,0,1,19,33
15944,5508,30,10436,10134,0,21379,137,2,4,2,2,19,1,0,31,37,32,0,1,19,33
7328,5309,30,2019,1922,1,19648,134,1,4,2,2,19,1,0,31,34,32,0,1,19,33
16783,5301,30,11482,10663,0,35786,197,2,4,2,2,19,1,0,31,62,32,0,1,19,33
17969,5894,41,12076,11242,0,35786,197,2,4,2,2,19,1,0,31,62,32,0,1,19,33
18104,5811,30,12293,11400,0,35786,197,2,4,2,2,19,1,0,31,62,32,0,1,19,33
17511,5831,30,11679,10933,0,35786,197,2,4,2,2,19,1,0,31,62,32,0,1,19,33
17684,5876,42,11809,10974,0,35786,197,2,4,2,2,19,1,0,31,62,32,0,1,19,33
17465,6018,41,11447,10615,0,35786,197,2,4,2,2,19,1,0,31,62,32,0,1,19,33
18047,5852,29,12194,11278,1,35786,197,2,4,2,2,19,1,0,31,62,32,0,1,19,33
17449,5654,30,11796,11053,0,35786,197,2,4,2,2,19,1,0,31,62,32,0,1,19,33
16601,5208,29,11393,10576,1,35786,197,2,4,2,2,19,1,0,31,62,32,0,1,19,33
7298,5290,30,2008,1911,0,19648,134,1,4,2,2,19,1,0,31,34,32,0,1,19,33
17367,5383,41,11984,11169,0,35786,197,2,4,2,2,19,1,0,31,62,32,0,1,19,33
17307,5725,41,11582,10748,0,35786,197,2,4,2,2,19,1,0,31,62,32,0,1,19,33
16435,5653,41,10782,9994,0,35786,197,2,4,2,2,19,1,0,31,62,32,0,1,19,33
17128,5613,42,11515,10776,0,35786,197,2,4,2,2,19,1,0,31,62,32,0,1,19,33
17589,5494,40,12096,11267,0,35786,197,2,4,2,2,19,1,0,31,62,32,0,1,19,33
17349,5718,30,11631,10887,0,35786,197,2,4,2,2,19,1,0,31,62,32,0,1,19,33
16678,5509,30,11169,10441,0,35786,197,2,4,2,2,19,1,0,31,62,32,0,1,19,33
17611,5480,30,12130,11367,0,35786,197,2,4,2,2,19,1,0,31,62,32,0,1,19,33
17797,5720,29,12077,11250,0,35786,197,2,4,2,2,19,1,0,31,62,32,0,1,19,33
7199,5187,30,2012,1916,0,19648,134,1,4,2,2,19,1,0,31,34,32,0,1,19,33
17757,6066,41,11692,10867,0,35786,197,2,4,2,2,19,1,0,31,62,32,0,1,19,33
17895,5717,29,12177,11439,0,35786,197,2,4,2,2,19,1,0,31,62,32,0,1,19,33
17203,5669,30,11534,10795,0,35786,197,2,4,2,2,19,1,0,31,62,32,0,1,19,33
16591,5394,31,11198,10383,0,35786,197,2,4,2,2,19,1,0,31,62,32,0,1,19,33
7534,5517,30,2018,1922,0,19648,134,1,4,2,2,19,1,0,31,34,32,0,1,19,33
17116,5287,35,11829,11020,0,35786,197,2,4,2,2,19,1,0,31,62,32,0,1,19,33
7566,5405,29,2162,2064,0,19648,134,1,4,2,2,19,1,0,31,34,32,0,1,19,33
8647,6222,30,2426,2152,0,19648,134,1,4,2,2,19,1,0,31,34,32,0,1,19,33
16212,5515,42,10697,10367,0,21379,137,2,4,2,2,19,1,0,31,37,32,0,1,19,33
17735,5934,31,11801,11049,0,35786,197,2,4,2,2,19,1,0,31,62,32,0,1,19,33
15075,5215,30,9860,9560,0,21379,137,2,4,2,2,19,1,0,31,37,32,0,1,19,33
17247,5504,41,11741,10912,1,35786,197,2,4,2,2,19,1,0,31,62,32,0,1,19,33
16996,6027,42,10969,10158,0,35786,197,2,4,2,2,19,1,0,31,62,32,0,1,19,33
17032,5657,42,11375,10613,0,35786,197,2,4,2,2,19,1,0,31,62,32,0,1,19,33
17526,5431,40,12095,11271,0,35786,197,2,4,2,2,19,1,0,31,62,32,0,1,19,33
17412,5597,41,11815,10993,0,35786,197,2,4,2,2,19,1,0,31,62,32,0,1,19,33
17775,6225,41,11546,10697,0,35786,197,2,4,2,2,19,1,0,31,62,32,0,1,19,33
17255,5892,44,11363,10571,0,35786,197,2,4,2,2,19,1,0,31,62,32,0,1,19,33
17523,5293,42,12230,11328,0,35786,197,2,4,2,2,19,1,0,31,62,32,0,1,19,33
17438,5500,41,11937,11115,0,35786,197,2,4,2,2,19,1,0,31,62,32,0,1,19,33
17071,5897,41,11174,10261,0,35786,197,2,4,2,2,19,1,0,31,62,32,0,1,19,33
17292,6015,41,11277,10444,0,35786,197,2,4,2,2,19,1,0,31,62,32,0,1,19,33
17538,5453,29,12085,11149,0,35786,197,2,4,2,2,19,1,0,31,62,32,0,1,19,33
17444,5272,41,12172,11349,0,35786,197,2,4,2,2,19,1,0,31,62,32,0,1,19,33
17051,5540,42,11511,10676,0,35786,197,2,4,2,2,19,1,0,31,62,32,0,1,19,33
7197,5187,29,2011,1914,0,19648,134,1,4,2,2,19,1,0,31,34,32,0,1,19,33
17693,5578,41,12114,11294,1,35786,197,2,4,2,2,19,1,0,31,62,32,0,1,19,33
17155,5759,42,11396,10629,0,35786,197,2,4,2,2,19,1,0,31,62,32,0,1,19,33
14638,5202,30,9436,9137,0,21379,137,2,4,2,2,19,1,0,31,37,32,0,1,19,33
17312,5439,30,11873,11044,0,35786,197,2,4,2,2,19,1,0,31,62,32,0,1,19,33
17495,5805,41,11689,10881,0,35786,197,2,4,2,2,19,1,0,31,62,32,0,1,19,33
18058,5897,30,12162,11426,0,35786,197,2,4,2,2,19,1,0,31,62,32,0,1,19,33
16704,5383,30,11320,10583,0,35786,197,2,4,2,2,19,1,0,31,62,32,0,1,19,33
16614,5607,31,11008,10243,0,35786,197,2,4,2,2,19,1,0,31,62,32,0,1,19,33
17826,5846,41,11980,11154,0,35786,197,2,4,2,2,19,1,0,31,62,32,0,1,19,33
7421,5398,33,2023,1923,0,19648,134,1,4,2,2,19,1,0,31,34,32,0,1,19,33
16686,5422,41,11264,10451,0,35786,197,2,4,2,2,19,1,0,31,62,32,0,1,19,33
17057,6071,42,10987,10160,0,35786,197,2,4,2,2,19,1,0,31,62,32,0,1,19,33
17984,5772,30,12212,11471,0,35786,197,2,4,2,2,19,1,0,31,62,32,0,1,19,33
16871,5498,30,11372,10630,0,35786,197,2,4,2,2,19,1,0,31,62,32,0,1,19,33
16916,5462,30,11454,10633,0,35786,197,2,4,2,2,19,1,0,31,62,32,0,1,19,33
17651,5746,42,11905,11073,0,35786,197,2,4,2,2,19,1,0,31,62,32,0,1,19,33
7277,5276,29,2001,1905,0,19648,134,1,4,2,2,19,1,0,31,34,32,0,1,19,33
16895,5538,42,11357,10531,0,35786,197,2,4,2,2,19,1,0,31,62,32,0,1,19,33
17642,5805,41,11837,11002,0,35786,197,2,4,2,2,19,1,0,31,62,32,0,1,19,33
17411,5438,29,11972,11094,1,35786,197,2,4,2,2,19,1,0,31,62,32,0,1,19,33
17259,5418,41,11841,11019,0,35786,197,2,4,2,2,19,1,0,31,62,32,0,1,19,33
17102,5896,42,11206,10355,0,35786,197,2,4,2,2,19,1,0,31,62,32,0,1,19,33
17061,5668,31,11393,10636,0,35786,197,2,4,2,2,19,1,0,31,62,32,0,1,19,33
17723,5368,40,12355,11432,0,35786,197,2,4,2,2,19,1,0,31,62,32,0,1,19,33
17381,5635,42,11746,10993,0,35786,197,2,4,2,2,19,1,0,31,62,32,0,1,19,33
16611,5461,30,11150,10410,0,35786,197,2,4,2,2,19,1,0,31,62,32,0,1,19,33
17931,6299,45,11631,10827,0,35786,197,2,4,2,2,19,1,0,31,62,32,0,1,19,33
16354,5343,143,11011,10146,0,35786,197,2,4,2,2,19,1,0,31,62,32,0,1,19,33
17115,5207,30,11908,11170,0,35786,197,2,4,2,2,19,1,0,31,62,32,0,1,19,33
16880,5399,41,11482,10653,0,35786,197,2,4,2,2,19,1,0,31,62,32,0,1,19,33
7079,5077,30,2002,1905,0,19648,134,1,4,2,2,19,1,0,31,34,32,0,1,19,33
17728,5736,42,11992,11250,0,35786,197,2,4,2,2,19,1,0,31,62,32,0,1,19,33
17912,6346,42,11566,10736,0,35786,197,2,4,2,2,19,1,0,31,62,32,0,1,19,33
16526,5533,30,10994,10262,0,35786,197,2,4,2,2,19,1,0,31,62,32,0,1,19,33
16003,5697,44,10306,9971,0,21379,137,2,4,2,2,19,1,0,31,37,32,0,1,19,33
18142,5873,44,12269,11421,0,35786,197,2,4,2,2,19,1,0,31,62,32,0,1,19,33
16758,6006,30,10753,10423,0,21379,137,2,4,2,2,19,1,0,31,37,32,0,1,19,33
18187,6062,41,12125,11307,0,35786,197,2,4,2,2,19,1,0,31,62,32,0,1,19,33
17595,5914,42,11682,10929,0,35786,197,2,4,2,2,19,1,0,31,62,32,0,1,19,33
16375,5356,30,11019,10280,0,35786,197,2,4,2,2,19,1,0,31,62,32,0,1,19,33
18038,5857,30,12181,11350,0,35786,197,2,4,2,2,19,1,0,31,62,32,0,1,19,33
18615,6246,40,12369,11420,0,35786,197,2,4,2,2,19,1,0,31,62,32,0,1,19,33
7692,5683,31,2010,1913,0,19648,134,1,4,2,2,19,1,0,31,34,32,0,1,19,33
18091,5857,41,12233,11392,0,35786,197,2,4,2,2,19,1,0,31,62,32,0,1,19,33
15926,5162,111,10764,10375,0,21379,137,2,4,2,2,19,1,0,31,37,32,0,1,19,33
17847,5474,43,12373,11559,0,35786,197,2,4,2,2,19,1,0,31,62,32,0,1,19,33
7389,5392,30,1998,1901,0,19648,134,1,4,2,2,19,1,0,31,34,32,0,1,19,33
17068,5564,31,11504,10754,0,35786,197,2,4,2,2,19,1,0,31,62,32,0,1,19,33
17757,5645,30,12112,11382,0,35786,197,2,4,2,2,19,1,0,31,62,32,0,1,19,33
15433,5483,29,9950,9647,0,21379,137,2,4,2,2,19,1,0,31,37,32,0,1,19,33
16737,5273,30,11464,10729,0,35786,197,2,4,2,2,19,1,0,31,62,32,0,1,19,33
16929,5634,41,11295,10482,0,35786,197,2,4,2,2,19,1,0,31,62,32,0,1,19,33
7085,5068,29,2017,1921,0,19648,134,1,4,2,2,19,1,0,31,34,32,0,1,19,33
17289,5625,41,11664,10839,0,35786,197,2,4,2,2,19,1,0,31,62,32,0,1,19,33
16807,5719,40,11088,10282,0,35786,197,2,4,2,2,19,1,0,31,62,32,0,1,19,33
16559,5333,31,11226,10483,0,35786,197,2,4,2,2,19,1,0,31,62,32,0,1,19,33
15982,5429,30,10554,10249,0,21379,137,2,4,2,2,19,1,0,31,37,32,0,1,19,33
18083,5944,30,12139,11282,0,35786,197,2,4,2,2,19,1,0,31,62,32,0,1,19,33
17554,5912,31,11642,10902,1,35786,197,2,4,2,2,19,1,0,31,62,32,0,1,19,33
16609,5230,30,11378,10647,0,35786,197,2,4,2,2,19,1,0,31,62,32,0,1,19,33
7196,5186,30,2011,1914,0,19648,134,1,4,2,2,19,1,0,31,34,32,0,1,19,33
17554,5640,42,11913,11090,0,35786,197,2,4,2,2,19,1,0,31,62,32,0,1,19,33
7168,5079,122,2089,1901,0,19648,134,1,4,2,2,19,1,0,31,34,32,0,1,19,33
17670,5468,41,12202,11303,0,35786,197,2,4,2,2,19,1,0,31,62,32,0,1,19,33
17226,5654,41,11573,10826,0,35786,197,2,4,2,2,19,1,0,31,62,32,0,1,19,33
16709,5450,30,11260,10523,0,35786,197,2,4,2,2,19,1,0,31,62,32,0,1,19,33
17016,5631,30,11386,10632,0,35786,197,2,4,2,2,19,1,0,31,62,32,0,1,19,33
17827,5691,31,12136,11246,0,35786,197,2,4,2,2,19,1,0,31,62,32,0,1,19,33
17327,5753,30,11574,10839,0,35786,197,2,4,2,2,19,1,0,31,62,32,0,1,19,33
16844,5485,30,11359,10624,0,35786,197,2,4,2,2,19,1,0,31,62,32,0,1,19,33
17562,6058,40,11504,10679,0,35786,197,2,4,2,2,19,1,0,31,62,32,0,1,19,33
17705,5610,29,12095,11156,0,35786,197,2,4,2,2,19,1,0,31,62,32,0,1,19,33
17449,5441,30,12009,11222,0,35786,197,2,4,2,2,19,1,0,31,62,32,0,1,19,33
15652,5836,42,9817,9486,0,21379,137,2,4,2,2,19,1,0,31,37,32,0,1,19,33
18128,5841,31,12288,11334,0,35786,197,2,4,2,2,19,1,0,31,62,32,0,1,19,33
17001,5786,41,11216,10403,0,35786,197,2,4,2,2,19,1,0,31,62,32,0,1,19,33
17375,5195,30,12180,11369,0,35786,197,2,4,2,2,19,1,0,31,62,32,0,1,19,33
17671,5849,43,11822,10999,0,35786,197,2,4,2,2,19,1,0,31,62,32,0,1,19,33
16934,5857,42,11077,10265,0,35786,197,2,4,2,2,19,1,0,31,62,32,0,1,19,33
16865,5559,31,11307,10556,0,35786,197,2,4,2,2,19,1,0,31,62,32,0,1,19,33
16202,5490,30,10712,10397,0,21379,137,2,4,2,2,19,1,0,31,37,32,0,1,19,33
18101,5828,31,12274,11436,0,35786,197,2,4,2,2,19,1,0,31,62,32,0,1,19,33
16981,5463,29,11518,10778,0,35786,197,2,4,2,2,19,1,0,31,62,32,0,1,19,33
16820,5204,31,11616,10862,0,35786,197,2,4,2,2,19,1,0,31,62,32,0,1,19,33
17239,5896,42,11343,10516,0,35786,197,2,4,2,2,19,1,0,31,62,32,0,1,19,33
7100,5103,30,1998,1901,0,19648,134,1,4,2,2,19,1,0,31,34,32,0,1,19,33
17037,5631,41,11406,10590,0,35786,197,2,4,2,2,19,1,0,31,62,32,0,1,19,33
16826,5840,42,10986,10158,0,35786,197,2,4,2,2,19,1,0,31,62,32,0,1,19,33
17540,5491,30,12047,11171,0,35786,197,2,4,2,2,19,1,0,31,62,32,0,1,19,33
17556,5682,41,11874,11048,0,35786,197,2,4,2,2,19,1,0,31,62,32,0,1,19,33
17041,5871,41,11169,10334,1,35786,197,2,4,2,2,19,1,0,31,62,32,0,1,19,33
17144,5735,43,11409,10652,0,35786,197,2,4,2,2,19,1,0,31,62,32,0,1,19,33
17685,5477,41,12209,11308,0,35786,197,2,4,2,2,19,1,0,31,62,32,0,1,19,33
17719,5710,40,12009,11197,0,35786,197,2,4,2,2,19,1,0,31,62,32,0,1,19,33
16924,5822,41,11101,10352,0,35786,197,2,4,2,2,19,1,0,31,62,32,0,1,19,33
16477,5418,30,11059,10311,0,35786,197,2,4,2,2,19,1,0,31,62,32,0,1,19,33
17273,5970,41,11304,10473,0,35786,197,2,4,2,2,19,1,0,31,62,32,0,1,19,33
17697,5893,30,11803,11070,0,35786,197,2,4,2,2,19,1,0,31,62,32,0,1,19,33
16781,5386,30,11396,10655,0,35786,197,2,4,2,2,19,1,0,31,62,32,0,1,19,33
16488,5447,41,11041,10246,0,35786,197,2,4,2,2,19,1,0,31,62,32,0,1,19,33
7324,5324,30,2000,1903,0,19648,134,1,4,2,2,19,1,0,31,34,32,0,1,19,33
16993,5370,41,11624,10809,0,35786,197,2,4,2,2,19,1,0,31,62,32,0,1,19,33
17158,5840,41,11318,10541,0,35786,197,2,4,2,2,19,1,0,31,62,32,0,1,19,33
17279,5444,43,11835,11073,0,35786,197,2,4,2,2,19,1,0,31,62,32,0,1,19,33
17994,5643,41,12352,11464,0,35786,197,2,4,2,2,19,1,0,31,62,32,0,1,19,33
17606,5916,43,11691,10921,0,35786,197,2,4,2,2,19,1,0,31,62,32,0,1,19,33
7254,5186,30,2067,1971,0,19648,134,1,4,2,2,19,1,0,31,34,32,0,1,19,33
18071,5787,41,12284,11539,0,35786,197,2,4,2,2,19,1,0,31,62,32,0,1,19,33
15903,5818,31,10086,9782,0,21379,137,2,4,2,2,19,1,0,31,37,32,0,1,19,33
15257,5192,30,10065,9761,0,21379,137,2,4,2,2,19,1,0,31,37,32,0,1,19,33
15988,5667,41,10321,9993,0,21379,137,2,4,2,2,19,1,0,31,37,32,0,1,19,33
17318,5848,44,11470,10714,0,35786,197,2,4,2,2,19,1,0,31,62,32,0,1,19,33
16360,5577,30,10783,10063,0,35786,197,2,4,2,2,19,1,0,31,62,32,0,1,19,33
15215,5428,30,9787,9488,0,21379,137,2,4,2,2,19,1,0,31,37,32,0,1,19,33
17620,6106,42,11514,10693,0,35786,197,2,4,2,2,19,1,0,31,62,32,0,1,19,33
17890,5565,40,12326,11522,0,35786,197,2,4,2,2,19,1,0,31,62,32,0,1,19,33
7369,5350,31,2019,1920,0,19648,134,1,4,2,2,19,1,0,31,34,32,0,1,19,33
17100,5597,31,11503,10749,0,35786,197,2,4,2,2,19,1,0,31,62,32,0,1,19,33
18096,5928,41,12168,11424,0,35786,197,2,4,2,2,19,1,0,31,62,32,0,1,19,33
17976,6298,40,11678,10936,0,35786,197,2,4,2,2,19,1,0,31,62,32,0,1,19,33
7214,5155,30,2059,1961,0,19648,134,1,4,2,2,19,1,0,31,34,32,0,1,19,33
7323,5315,30,2009,1911,0,19648,134,1,4,2,2,19,1,0,31,34,32,0,1,19,33
16601,5332,31,11269,10439,0,35786,197,2,4,2,2,19,1,0,31,62,32,0,1,19,33
17249,5855,45,11394,10577,0,35786,197,2,4,2,2,19,1,0,31,62,32,0,1,19,33
7330,5306,32,2024,1922,0,19648,134,1,4,2,2,19,1,0,31,34,32,0,1,19,33
17216,5885,41,11331,10486,0,35786,197,2,4,2,2,19,1,0,31,62,32,0,1,19,33
17361,5912,45,11449,10625,0,35786,197,2,4,2,2,19,1,0,31,62,32,0,1,19,33
17168,5279,29,11889,11152,0,35786,197,2,4,2,2,19,1,0,31,62,32,0,1,19,33
17333,5747,42,11586,10769,0,35786,197,2,4,2,2,19,1,0,31,62,32,0,1,19,33
17027,5940,41,11088,10278,0,35786,197,2,4,2,2,19,1,0,31,62,32,0,1,19,33
17377,5681,31,11696,10951,0,35786,197,2,4,2,2,19,1,0,31,62,32,0,1,19,33
17831,5432,41,12399,11485,0,35786,197,2,4,2,2,19,1,0,31,62,32,0,1,19,33
17627,5817,43,11810,11056,0,35786,197,2,4,2,2,19,1,0,31,62,32,0,1,19,33
7543,5532,30,2011,1913,0,19648,134,1,4,2,2,19,1,0,31,34,32,0,1,19,33
18020,5806,30,12214,11366,0,35786,197,2,4,2,2,19,1,0,31,62,32,0,1,19,33
17659,6032,29,11628,10887,0,35786,197,2,4,2,2,19,1,0,31,62,32,0,1,19,33
16698,5354,30,11344,10588,0,35786,197,2,4,2,2,19,1,0,31,62,32,0,1,19,33
17734,5812,41,11923,11086,0,35786,197,2,4,2,2,19,1,0,31,62,32,0,1,19,33
18271,6031,30,12240,11321,0,35786,197,2,4,2,2,19,1,0,31,62,32,0,1,19,33
7023,5001,30,2022,1925,0,19648,134,1,4,2,2,19,1,0,31,34,32,0,1,19,33
16033,5748,42,10286,9945,0,21379,137,2,4,2,2,19,1,0,31,37,32,0,1,19,33
17172,5432,30,11740,11000,0,35786,197,2,4,2,2,19,1,0,31,62,32,0,1,19,33
17424,5359,31,12065,11217,0,35786,197,2,4,2,2,19,1,0,31,62,32,0,1,19,33
17034,5484,31,11550,10815,0,35786,197,2,4,2,2,19,1,0,31,62,32,0,1,19,33
16951,5667,30,11285,10479,0,35786,197,2,4,2,2,19,1,0,31,62,32,0,1,19,33
17850,5952,43,11897,11051,0,35786,197,2,4,2,2,19,1,0,31,62,32,0,1,19,33
18308,5988,30,12321,11396,0,35786,197,2,4,2,2,19,1,0,31,62,32,0,1,19,33
7266,5217,34,2049,1944,0,19648,134,1,4,2,2,19,1,0,31,34,32,0,1,19,33
17323,6053,42,11270,10442,0,35786,197,2,4,2,2,19,1,0,31,62,32,0,1,19,33
17519,5449,30,12070,11240,0,35786,197,2,4,2,2,19,1,0,31,62,32,0,1,19,33
17343,5458,40,11886,11064,0,35786,197,2,4,2,2,19,1,0,31,62,32,0,1,19,33
17125,5971,42,11155,10303,0,35786,197,2,4,2,2,19,1,0,31,62,32,0,1,19,33
16711,5519,31,11192,10440,0,35786,197,2,4,2,2,19,1,0,31,62,32,0,1,19,33
18145,5696,42,12450,11552,0,35786,197,2,4,2,2,19,1,0,31,62,32,0,1,19,33
17798,6100,30,11698,10961,0,35786,197,2,4,2,2,19,1,0,31,62,32,0,1,19,33
16618,5387,30,11231,10469,0,35786,197,2,4,2,2,19,1,0,31,62,32,0,1,19,33
16896,5666,30,11231,10435,0,35786,197,2,4,2,2,19,1,0,31,62,32,0,1,19,33
17012,5838,151,11175,10245,0,35786,197,2,4,2,2,19,1,0,31,62,32,0,1,19,33
7238,5211,33,2028,1927,0,19648,134,1,4,2,2,19,1,0,31,34,32,0,1,19,33
17804,5985,43,11819,10983,0,35786,197,2,4,2,2,19,1,0,31,62,32,0,1,19,33
17652,5812,172,11841,10876,0,35786,197,2,4,2,2,19,1,0,31,62,32,0,1,19,33
17239,5374,30,11865,11129,0,35786,197,2,4,2,2,19,1,0,31,62,32,0,1,19,33
17762,6009,41,11753,10926,0,35786,197,2,4,2,2,19,1,0,31,62,32,0,1,19,33
16876,5934,30,10942,10227,0,35786,197,2,4,2,2,19,1,0,31,62,32,0,1,19,33
15812,5410,30,10402,10096,0,21379,137,2,4,2,2,19,1,0,31,37,32,0,1,19,33
